id,date,number,
1740,"Tuesday, October 22, 2013",02 03 19 52 71 14,
1739,"Friday, October 18, 2013",05 20 45 48 56 01,
1738,"Tuesday, October 15, 2013",04 23 30 43 50 11,
1737,"Friday, October 11, 2013",03 27 37 45 48 46,
1736,"Tuesday, October 08, 2013",06 15 19 23 40 05,
1735,"Friday, October 04, 2013",04 16 24 25 44 05,
1734,"Tuesday, October 01, 2013",07 10 30 37 53 01,
1733,"Friday, September 27, 2013",09 23 27 49 51 38,
1732,"Tuesday, September 24, 2013",04 11 32 39 40 33,
1731,"Friday, September 20, 2013",01 15 20 21 47 34,
1730,"Tuesday, September 17, 2013",06 15 27 31 39 25,
1729,"Friday, September 13, 2013",09 22 28 48 54 08,
1728,"Tuesday, September 10, 2013",02 12 18 54 56 01,
1727,"Friday, September 06, 2013",02 16 17 22 41 31,
1726,"Tuesday, September 03, 2013",04 13 14 28 41 28,
1725,"Friday, August 30, 2013",06 19 24 43 44 33,
1724,"Tuesday, August 27, 2013",04 07 30 36 38 38,
1723,"Friday, August 23, 2013",01 09 17 20 53 14,
1722,"Tuesday, August 20, 2013",13 28 35 38 41 33,
1721,"Friday, August 16, 2013",07 13 26 36 46 37,
1720,"Tuesday, August 13, 2013",02 31 32 37 41 40,
1719,"Friday, August 09, 2013",11 20 30 34 38 12,
1718,"Tuesday, August 06, 2013",01 11 16 51 55 41,
1717,"Friday, August 02, 2013",08 21 23 25 39 04,
1716,"Tuesday, July 30, 2013",25 27 36 42 44 39,
1715,"Friday, July 26, 2013",04 22 23 27 38 42,
1714,"Tuesday, July 23, 2013",25 32 35 50 51 46,
1713,"Friday, July 19, 2013",16 20 24 39 42 46,
1712,"Tuesday, July 16, 2013",10 14 21 40 53 20,
1711,"Friday, July 12, 2013",04 05 25 27 51 10,
1710,"Tuesday, July 09, 2013",03 21 43 45 48 14,
1709,"Friday, July 05, 2013",02 23 41 47 54 42,
1708,"Tuesday, July 02, 2013",36 42 51 52 53 40,
1707,"Friday, June 28, 2013",08 15 35 46 52 38,
1706,"Tuesday, June 25, 2013",03 05 28 33 51 16,
1705,"Friday, June 21, 2013",03 14 17 40 50 03,
1704,"Tuesday, June 18, 2013",06 17 34 40 48 30,
1703,"Friday, June 14, 2013",02 05 31 33 34 20,
1702,"Tuesday, June 11, 2013",15 40 45 50 53 28,
1701,"Friday, June 07, 2013",01 10 37 48 55 21,
1700,"Tuesday, June 04, 2013",10 11 12 20 55 19,
1699,"Friday, May 31, 2013",02 20 26 44 46 26,
1698,"Tuesday, May 28, 2013",04 12 25 32 54 36,
1697,"Friday, May 24, 2013",04 05 16 18 53 28,
1696,"Tuesday, May 21, 2013",02 15 17 48 55 11,
1695,"Friday, May 17, 2013",11 15 35 43 49 41,
1694,"Tuesday, May 14, 2013",06 10 12 28 32 38,
1693,"Friday, May 10, 2013",01 19 20 39 49 28,
1692,"Tuesday, May 07, 2013",01 06 13 20 51 31,
1691,"Friday, May 03, 2013",02 20 34 42 54 39,
1690,"Tuesday, April 30, 2013",21 30 34 39 49 43,
1689,"Friday, April 26, 2013",17 42 49 54 55 31,
1688,"Tuesday, April 23, 2013",09 21 22 32 50 10,
1687,"Friday, April 19, 2013",06 08 12 22 43 28,
1686,"Tuesday, April 16, 2013",02 05 15 18 39 42,
1685,"Friday, April 12, 2013",01 10 13 19 21 28,
1684,"Tuesday, April 09, 2013",17 30 41 48 54 13,
1683,"Friday, April 05, 2013",08 15 23 36 41 05,
1682,"Tuesday, April 02, 2013",07 10 14 40 47 34,
1681,"Friday, March 29, 2013",25 31 36 46 53 21,
1680,"Tuesday, March 26, 2013",20 33 46 49 51 46,
1679,"Friday, March 22, 2013",14 27 34 37 41 38,
1678,"Tuesday, March 19, 2013",03 06 14 21 37 35,
1677,"Friday, March 15, 2013",04 08 17 22 32 08,
1676,"Tuesday, March 12, 2013",09 12 19 20 30 39,
1675,"Friday, March 08, 2013",04 11 25 34 35 44,
1674,"Tuesday, March 05, 2013",06 20 39 41 46 42,
1673,"Friday, March 01, 2013",17 30 38 43 51 20,
1672,"Tuesday, February 26, 2013",06 07 13 15 43 07,
1671,"Friday, February 22, 2013",09 13 24 38 49 30,
1670,"Tuesday, February 19, 2013",01 15 19 30 56 28,
1669,"Friday, February 15, 2013",11 35 41 42 44 42,
1668,"Tuesday, February 12, 2013",09 22 32 38 55 44,
1667,"Friday, February 08, 2013",06 15 20 39 50 05,
1666,"Tuesday, February 05, 2013",02 05 10 26 44 46,
1665,"Friday, February 01, 2013",01 30 32 40 41 17,
1664,"Tuesday, January 29, 2013",08 12 27 46 47 06,
1663,"Friday, January 25, 2013",11 12 17 31 48 01,
1662,"Tuesday, January 22, 2013",07 11 16 39 54 13,
1661,"Friday, January 18, 2013",08 18 25 42 49 14,
1660,"Tuesday, January 15, 2013",01 06 12 19 41 14,
1659,"Friday, January 11, 2013",24 29 30 34 56 01,
1658,"Tuesday, January 08, 2013",03 20 21 38 42 19,
1657,"Friday, January 04, 2013",01 02 23 25 55 39,
1656,"Tuesday, January 01, 2013",04 11 21 25 44 29,
1655,"Friday, December 28, 2012",10 13 32 40 41 32,
1654,"Tuesday, December 25, 2012",02 03 18 34 48 36,
1653,"Friday, December 21, 2012",03 18 32 41 56 19,
1652,"Tuesday, December 18, 2012",01 06 07 18 29 16,
1651,"Friday, December 14, 2012",11 28 33 41 43 41,
1650,"Tuesday, December 11, 2012",39 44 51 52 54 13,
1649,"Friday, December 07, 2012",07 43 44 51 56 04,
1648,"Tuesday, December 04, 2012",03 19 24 32 43 44,
1647,"Friday, November 30, 2012",11 22 24 28 31 46,
1646,"Tuesday, November 27, 2012",05 12 26 42 49 24,
1645,"Friday, November 23, 2012",08 37 44 47 48 27,
1644,"Tuesday, November 20, 2012",09 13 22 38 52 44,
1643,"Friday, November 16, 2012",05 24 26 29 53 36,
1642,"Tuesday, November 13, 2012",06 12 31 46 56 34,
1641,"Friday, November 09, 2012",18 22 33 35 40 11,
1640,"Tuesday, November 06, 2012",03 05 13 32 35 06,
1639,"Friday, November 02, 2012",04 18 22 38 44 24,
1638,"Tuesday, October 30, 2012",05 12 18 29 56 38,
1637,"Friday, October 26, 2012",04 15 24 36 40 44,
1636,"Tuesday, October 23, 2012",01 17 42 46 55 01,
1635,"Friday, October 19, 2012",14 34 36 48 53 42,
1634,"Tuesday, October 16, 2012",13 37 40 46 52 29,
1633,"Friday, October 12, 2012",06 10 24 26 42 15,
1632,"Tuesday, October 09, 2012",06 15 16 22 37 03,
1631,"Friday, October 05, 2012",08 09 16 32 39 15,
1630,"Tuesday, October 02, 2012",10 11 20 42 55 09,
1629,"Friday, September 28, 2012",06 08 14 43 56 28,
1628,"Tuesday, September 25, 2012",07 08 23 50 51 26,
1627,"Friday, September 21, 2012",03 13 14 46 55 34,
1626,"Tuesday, September 18, 2012",05 09 22 36 49 36,
1625,"Friday, September 14, 2012",16 17 21 40 51 20,
1624,"Tuesday, September 11, 2012",05 11 20 33 36 11,
1623,"Friday, September 07, 2012",15 32 38 42 46 31,
1622,"Tuesday, September 04, 2012",16 32 39 41 53 16,
1621,"Friday, August 31, 2012",31 40 41 47 48 45,
1620,"Tuesday, August 28, 2012",04 09 40 45 50 39,
1619,"Friday, August 24, 2012",25 34 45 46 49 34,
1618,"Tuesday, August 21, 2012",05 13 20 23 33 30,
1617,"Friday, August 17, 2012",08 20 24 35 56 24,
1616,"Tuesday, August 14, 2012",15 23 34 39 55 32,
1615,"Friday, August 10, 2012",10 18 36 38 44 08,
1614,"Tuesday, August 07, 2012",30 32 33 42 48 07,
1613,"Friday, August 03, 2012",02 10 13 38 46 02,
1612,"Tuesday, July 31, 2012",05 18 21 29 41 37,
1611,"Friday, July 27, 2012",02 03 04 08 43 26,
1610,"Tuesday, July 24, 2012",05 09 38 46 51 05,
1609,"Friday, July 20, 2012",02 44 48 50 52 03,
1608,"Tuesday, July 17, 2012",01 13 21 49 55 17,
1607,"Friday, July 13, 2012",06 07 13 24 46 34,
1606,"Tuesday, July 10, 2012",03 11 19 23 36 21,
1605,"Friday, July 06, 2012",20 23 28 35 39 21,
1604,"Tuesday, July 03, 2012",03 04 24 36 52 45,
1603,"Friday, June 29, 2012",28 34 39 45 53 34,
1602,"Tuesday, June 26, 2012",03 16 23 35 36 20,
1601,"Friday, June 22, 2012",10 16 19 32 36 13,
1600,"Tuesday, June 19, 2012",11 21 27 30 53 11,
1599,"Friday, June 15, 2012",08 12 18 30 40 04,
1598,"Tuesday, June 12, 2012",02 09 17 34 50 45,
1597,"Friday, June 08, 2012",04 09 34 40 48 25,
1596,"Tuesday, June 05, 2012",37 39 42 53 55 22,
1595,"Friday, June 01, 2012",02 27 38 46 52 45,
1594,"Tuesday, May 29, 2012",02 14 29 53 55 31,
1593,"Friday, May 25, 2012",09 15 21 40 54 11,
1592,"Tuesday, May 22, 2012",10 14 35 43 52 16,
1591,"Friday, May 18, 2012",03 11 22 34 49 01,
1590,"Tuesday, May 15, 2012",10 11 12 14 24 06,
1589,"Friday, May 11, 2012",03 15 29 35 54 08,
1588,"Tuesday, May 08, 2012",02 06 08 18 51 19,
1587,"Friday, May 04, 2012",04 11 21 42 53 38,
1586,"Tuesday, May 01, 2012",24 27 31 45 52 38,
1585,"Friday, April 27, 2012",02 05 45 46 47 37,
1584,"Tuesday, April 24, 2012",03 09 15 37 38 39,
1583,"Friday, April 20, 2012",14 23 26 33 35 40,
1582,"Tuesday, April 17, 2012",01 16 24 32 48 02,
1581,"Friday, April 13, 2012",09 14 17 36 42 33,
1580,"Tuesday, April 10, 2012",02 06 12 31 48 25,
1579,"Friday, April 06, 2012",02 19 20 24 33 39,
1578,"Tuesday, April 03, 2012",11 35 38 41 52 40,
1577,"Friday, March 30, 2012",02 04 23 38 46 23,
1576,"Tuesday, March 27, 2012",09 19 34 44 51 24,
1575,"Friday, March 23, 2012",06 17 19 20 21 20,
1574,"Tuesday, March 20, 2012",01 04 06 11 14 30,
1573,"Friday, March 16, 2012",28 29 43 51 53 07,
1572,"Tuesday, March 13, 2012",02 08 30 36 48 31,
1571,"Friday, March 09, 2012",09 10 27 36 42 11,
1570,"Tuesday, March 06, 2012",20 24 31 33 36 44,
1569,"Friday, March 02, 2012",16 29 48 52 54 05,
1568,"Tuesday, February 28, 2012",06 15 29 39 51 36,
1567,"Friday, February 24, 2012",01 16 18 25 27 03,
1566,"Tuesday, February 21, 2012",09 30 39 42 47 37,
1565,"Friday, February 17, 2012",16 25 28 32 40 03,
1564,"Tuesday, February 14, 2012",03 05 10 26 27 27,
1563,"Friday, February 10, 2012",03 04 18 29 50 20,
1562,"Tuesday, February 07, 2012",17 23 30 37 45 04,
1561,"Friday, February 03, 2012",07 19 21 49 53 35,
1560,"Tuesday, January 31, 2012",09 17 18 28 43 09,
1559,"Friday, January 27, 2012",03 05 30 36 48 23,
1558,"Tuesday, January 24, 2012",10 22 24 36 49 33,
1557,"Friday, January 20, 2012",01 09 28 38 47 08,
1556,"Tuesday, January 17, 2012",03 15 31 36 53 27,
1555,"Friday, January 13, 2012",10 27 28 37 51 19,
1554,"Tuesday, January 10, 2012",04 10 16 38 48 34,
1553,"Friday, January 06, 2012",09 17 28 34 48 46,
1552,"Tuesday, January 03, 2012",02 03 15 22 36 23,
1551,"Friday, December 30, 2011",04 24 45 46 52 01,
1550,"Tuesday, December 27, 2011",23 32 33 39 43 08,
1549,"Friday, December 23, 2011",03 05 08 18 29 14,
1548,"Tuesday, December 20, 2011",20 24 27 45 51 31,
1547,"Friday, December 16, 2011",02 04 26 36 39 27,
1546,"Tuesday, December 13, 2011",05 06 22 26 41 06,
1545,"Friday, December 09, 2011",04 12 29 49 51 44,
1544,"Tuesday, December 06, 2011",07 21 29 35 49 39,
1543,"Friday, December 02, 2011",24 30 48 51 56 45,
1542,"Tuesday, November 29, 2011",17 29 43 48 52 36,
1541,"Friday, November 25, 2011",22 28 42 49 54 43,
1540,"Tuesday, November 22, 2011",04 16 23 33 48 38,
1539,"Friday, November 18, 2011",04 13 33 39 55 03,
1538,"Tuesday, November 15, 2011",03 06 24 30 33 21,
1537,"Friday, November 11, 2011",02 16 22 29 50 27,
1536,"Tuesday, November 08, 2011",05 31 45 47 54 04,
1535,"Friday, November 04, 2011",26 30 32 33 44 01,
1534,"Tuesday, November 01, 2011",27 31 39 40 46 36,
1533,"Friday, October 28, 2011",13 31 49 52 56 41,
1532,"Tuesday, October 25, 2011",13 33 40 44 46 08,
1531,"Friday, October 21, 2011",06 21 35 37 38 17,
1530,"Tuesday, October 18, 2011",24 25 45 47 53 42,
1529,"Friday, October 14, 2011",13 35 42 45 54 26,
1528,"Tuesday, October 11, 2011",25 34 38 44 56 27,
1527,"Friday, October 07, 2011",05 15 19 23 38 19,
1526,"Tuesday, October 04, 2011",03 26 40 45 52 11,
1525,"Friday, September 30, 2011",03 19 21 44 45 29,
1524,"Tuesday, September 27, 2011",02 20 28 36 45 37,
1523,"Friday, September 23, 2011",21 27 32 40 52 36,
1522,"Tuesday, September 20, 2011",06 29 38 50 51 39,
1521,"Friday, September 16, 2011",06 23 41 45 56 24,
1520,"Tuesday, September 13, 2011",22 31 43 48 56 45,
1519,"Friday, September 09, 2011",07 12 19 23 31 45,
1518,"Tuesday, September 06, 2011",01 36 38 42 49 19,
1517,"Friday, September 02, 2011",25 44 48 49 55 20,
1516,"Tuesday, August 30, 2011",02 22 25 28 50 18,
1515,"Friday, August 26, 2011",02 03 27 30 47 36,
1514,"Tuesday, August 23, 2011",11 21 44 48 49 23,
1513,"Friday, August 19, 2011",05 15 53 54 56 22,
1512,"Tuesday, August 16, 2011",04 38 41 42 43 44,
1511,"Friday, August 12, 2011",09 43 51 54 55 13,
1510,"Tuesday, August 09, 2011",11 19 39 45 54 15,
1509,"Friday, August 05, 2011",06 24 28 33 42 19,
1508,"Tuesday, August 02, 2011",14 17 19 20 32 28,
1507,"Friday, July 29, 2011",08 10 22 47 48 35,
1506,"Tuesday, July 26, 2011",20 25 35 52 55 10,
1505,"Friday, July 22, 2011",23 31 32 39 56 38,
1504,"Tuesday, July 19, 2011",02 09 10 16 35 40,
1503,"Friday, July 15, 2011",16 29 30 46 56 06,
1502,"Tuesday, July 12, 2011",03 09 11 44 49 09,
1501,"Friday, July 08, 2011",01 02 22 37 50 45,
1500,"Tuesday, July 05, 2011",01 10 13 18 46 19,
1499,"Friday, July 01, 2011",12 17 30 35 47 26,
1498,"Tuesday, June 28, 2011",12 17 27 47 48 33,
1497,"Friday, June 24, 2011",10 14 40 49 51 04,
1496,"Tuesday, June 21, 2011",11 24 25 31 46 17,
1495,"Friday, June 17, 2011",12 29 46 47 51 24,
1494,"Tuesday, June 14, 2011",09 10 20 51 53 24,
1493,"Friday, June 10, 2011",18 21 27 37 38 07,
1492,"Tuesday, June 07, 2011",29 32 35 47 52 13,
1491,"Friday, June 03, 2011",20 23 41 49 53 31,
1490,"Tuesday, May 31, 2011",28 30 31 37 55 13,
1489,"Friday, May 27, 2011",05 07 14 28 56 10,
1488,"Tuesday, May 24, 2011",09 12 21 42 43 42,
1487,"Friday, May 20, 2011",10 17 19 45 48 30,
1486,"Tuesday, May 17, 2011",01 02 17 25 48 45,
1485,"Friday, May 13, 2011",03 33 39 47 53 09,
1484,"Tuesday, May 10, 2011",11 16 34 40 51 34,
1483,"Friday, May 06, 2011",06 18 26 37 41 09,
1482,"Tuesday, May 03, 2011",01 16 29 36 50 16,
1481,"Friday, April 29, 2011",09 10 11 33 51 29,
1480,"Tuesday, April 26, 2011",19 29 32 38 55 15,
1479,"Friday, April 22, 2011",03 18 46 51 53 17,
1478,"Tuesday, April 19, 2011",20 24 32 45 51 43,
1477,"Friday, April 15, 2011",22 23 33 39 48 29,
1476,"Tuesday, April 12, 2011",10 23 39 41 45 15,
1475,"Friday, April 08, 2011",06 40 45 50 56 11,
1474,"Tuesday, April 05, 2011",01 19 20 31 36 09,
1473,"Friday, April 01, 2011",13 14 35 36 53 19,
1472,"Tuesday, March 29, 2011",06 15 23 34 38 43,
1471,"Friday, March 25, 2011",22 24 31 52 54 04,
1470,"Tuesday, March 22, 2011",01 14 35 50 53 43,
1469,"Friday, March 18, 2011",14 33 34 54 56 37,
1468,"Tuesday, March 15, 2011",10 11 12 28 43 45,
1467,"Friday, March 11, 2011",14 19 21 42 45 06,
1466,"Tuesday, March 08, 2011",03 17 19 41 55 24,
1465,"Friday, March 04, 2011",08 10 15 23 41 07,
1464,"Tuesday, March 01, 2011",01 12 19 20 47 25,
1463,"Friday, February 25, 2011",04 05 17 19 50 07,
1462,"Tuesday, February 22, 2011",15 22 23 48 55 31,
1461,"Friday, February 18, 2011",05 06 07 30 45 42,
1460,"Tuesday, February 15, 2011",17 18 24 35 39 18,
1459,"Friday, February 11, 2011",08 09 17 32 34 13,
1458,"Tuesday, February 08, 2011",25 35 36 47 48 18,
1457,"Friday, February 04, 2011",06 20 29 48 55 06,
1456,"Tuesday, February 01, 2011",16 22 23 26 35 31,
1455,"Friday, January 28, 2011",14 33 48 49 50 18,
1454,"Tuesday, January 25, 2011",05 08 31 46 50 04,
1453,"Friday, January 21, 2011",05 09 21 35 38 20,
1452,"Tuesday, January 18, 2011",04 27 29 38 45 05,
1451,"Friday, January 14, 2011",02 15 17 33 35 08,
1450,"Tuesday, January 11, 2011",01 04 11 16 45 37,
1449,"Friday, January 07, 2011",04 22 42 46 53 20,
1448,"Tuesday, January 04, 2011",04 08 15 25 47 42,
1447,"Friday, December 31, 2010",10 12 13 35 56 09,
1446,"Tuesday, December 28, 2010",06 18 36 40 49 07,
1445,"Friday, December 24, 2010",15 16 27 40 52 16,
1444,"Tuesday, December 21, 2010",08 11 12 31 32 29,
1443,"Friday, December 17, 2010",11 20 26 46 53 12,
1442,"Tuesday, December 14, 2010",18 22 25 31 38 29,
1441,"Friday, December 10, 2010",23 27 33 44 46 36,
1440,"Tuesday, December 07, 2010",04 38 45 53 54 09,
1439,"Friday, December 03, 2010",06 11 12 18 56 12,
1438,"Tuesday, November 30, 2010",11 16 19 47 53 02,
1437,"Friday, November 26, 2010",05 09 34 43 47 08,
1436,"Tuesday, November 23, 2010",02 06 12 34 35 33,
1435,"Friday, November 19, 2010",07 14 31 51 54 35,
1434,"Tuesday, November 16, 2010",01 26 27 39 46 21,
1433,"Friday, November 12, 2010",09 26 28 35 38 10,
1432,"Tuesday, November 09, 2010",08 26 28 33 53 11,
1431,"Friday, November 05, 2010",19 25 34 46 53 15,
1430,"Tuesday, November 02, 2010",01 03 12 16 54 46,
1429,"Friday, October 29, 2010",04 19 26 28 39 14,
1428,"Tuesday, October 26, 2010",15 21 30 31 32 26,
1427,"Friday, October 22, 2010",02 07 18 32 53 18,
1426,"Tuesday, October 19, 2010",02 09 14 37 42 41,
1425,"Friday, October 15, 2010",09 10 13 31 50 10,
1424,"Tuesday, October 12, 2010",10 31 36 37 43 15,
1423,"Friday, October 08, 2010",24 29 37 48 50 19,
1422,"Tuesday, October 05, 2010",10 19 24 37 44 27,
1421,"Friday, October 01, 2010",03 08 21 28 52 43,
1420,"Tuesday, September 28, 2010",02 10 13 36 38 18,
1419,"Friday, September 24, 2010",02 28 38 42 55 25,
1418,"Tuesday, September 21, 2010",03 20 43 47 52 26,
1417,"Friday, September 17, 2010",03 04 14 18 27 13,
1416,"Tuesday, September 14, 2010",06 14 50 55 56 01,
1415,"Friday, September 10, 2010",11 12 17 21 23 20,
1414,"Tuesday, September 07, 2010",08 18 22 24 38 23,
1413,"Friday, September 03, 2010",10 13 20 28 36 09,
1412,"Tuesday, August 31, 2010",10 20 29 47 48 38,
1411,"Friday, August 27, 2010",04 10 26 32 41 31,
1410,"Tuesday, August 24, 2010",04 23 24 28 32 31,
1409,"Friday, August 20, 2010",04 13 20 29 48 36,
1408,"Tuesday, August 17, 2010",11 19 40 43 44 33,
1407,"Friday, August 13, 2010",06 17 24 43 55 36,
1406,"Tuesday, August 10, 2010",02 14 26 50 56 12,
1405,"Friday, August 06, 2010",07 13 30 33 54 30,
1404,"Tuesday, August 03, 2010",04 13 20 22 56 32,
1403,"Friday, July 30, 2010",11 30 40 48 52 42,
1402,"Tuesday, July 27, 2010",02 07 10 16 29 08,
1401,"Friday, July 23, 2010",16 19 39 44 49 26,
1400,"Tuesday, July 20, 2010",12 18 28 36 43 19,
1399,"Friday, July 16, 2010",02 15 18 20 39 34,
1398,"Tuesday, July 13, 2010",07 11 14 15 34 14,
1397,"Friday, July 09, 2010",01 31 33 34 50 41,
1396,"Tuesday, July 06, 2010",08 18 45 47 50 36,
1395,"Friday, July 02, 2010",01 10 12 32 36 25,
1394,"Tuesday, June 29, 2010",03 04 15 27 37 35,
1393,"Friday, June 25, 2010",01 02 13 19 27 21,
1392,"Tuesday, June 22, 2010",12 17 21 23 30 24,
1391,"Friday, June 18, 2010",11 36 37 41 55 07,
1390,"Tuesday, June 15, 2010",04 12 13 21 27 46,
1389,"Friday, June 11, 2010",06 13 33 34 42 25,
1388,"Tuesday, June 08, 2010",12 18 28 48 54 06,
1387,"Friday, June 04, 2010",12 13 15 17 50 23,
1386,"Tuesday, June 01, 2010",12 27 44 45 51 30,
1385,"Friday, May 28, 2010",03 11 20 29 39 26,
1384,"Tuesday, May 25, 2010",05 14 17 19 24 25,
1383,"Friday, May 21, 2010",15 20 23 26 30 17,
1382,"Tuesday, May 18, 2010",11 13 19 37 40 26,
1381,"Friday, May 14, 2010",20 21 40 47 56 12,
1380,"Tuesday, May 11, 2010",26 33 43 46 54 09,
1379,"Friday, May 07, 2010",02 07 20 34 50 40,
1378,"Tuesday, May 04, 2010",09 21 31 36 43 08,
1377,"Friday, April 30, 2010",14 20 41 47 53 40,
1376,"Tuesday, April 27, 2010",23 37 41 50 55 06,
1375,"Friday, April 23, 2010",19 26 28 37 52 18,
1374,"Tuesday, April 20, 2010",05 08 10 34 42 25,
1373,"Friday, April 16, 2010",10 16 31 48 50 44,
1372,"Tuesday, April 13, 2010",03 12 27 39 47 32,
1371,"Friday, April 09, 2010",15 18 39 48 53 03,
1370,"Tuesday, April 06, 2010",16 43 44 52 56 26,
1369,"Friday, April 02, 2010",02 17 22 30 31 19,
1368,"Tuesday, March 30, 2010",01 11 24 38 44 41,
1367,"Friday, March 26, 2010",23 41 46 47 52 22,
1366,"Tuesday, March 23, 2010",03 25 28 29 40 13,
1365,"Friday, March 19, 2010",10 31 45 50 54 25,
1364,"Tuesday, March 16, 2010",03 22 48 52 56 13,
1363,"Friday, March 12, 2010",02 15 25 48 53 41,
1362,"Tuesday, March 09, 2010",14 16 18 19 29 16,
1361,"Friday, March 05, 2010",11 31 34 44 52 32,
1360,"Tuesday, March 02, 2010",09 12 47 48 56 25,
1359,"Friday, February 26, 2010",04 14 29 54 56 40,
1358,"Tuesday, February 23, 2010",04 16 36 40 53 18,
1357,"Friday, February 19, 2010",01 22 39 42 46 36,
1356,"Tuesday, February 16, 2010",11 12 21 29 45 05,
1355,"Friday, February 12, 2010",14 16 17 33 47 23,
1354,"Tuesday, February 09, 2010",02 17 20 26 48 12,
1353,"Friday, February 05, 2010",10 20 45 51 53 41,
1352,"Tuesday, February 02, 2010",06 07 26 27 49 09,
1351,"Friday, January 29, 2010",01 10 22 23 38 19,
1350,"Tuesday, January 26, 2010",07 08 38 39 48 22,
1349,"Friday, January 22, 2010",08 13 27 28 52 09,
1348,"Tuesday, January 19, 2010",04 05 34 38 41 18,
1347,"Friday, January 15, 2010",04 07 19 21 38 29,
1346,"Tuesday, January 12, 2010",05 09 31 37 56 16,
1345,"Friday, January 08, 2010",18 20 31 36 43 33,
1344,"Tuesday, January 05, 2010",13 28 39 50 55 10,
1343,"Friday, January 01, 2010",06 08 27 40 41 21,
1342,"Tuesday, December 29, 2009",02 05 29 35 51 03,
1341,"Friday, December 25, 2009",04 16 44 52 54 20,
1340,"Tuesday, December 22, 2009",03 33 35 39 45 13,
1339,"Friday, December 18, 2009",10 20 30 44 49 24,
1338,"Tuesday, December 15, 2009",27 31 32 36 47 35,
1337,"Friday, December 11, 2009",02 21 27 34 44 45,
1336,"Tuesday, December 08, 2009",20 23 28 30 46 29,
1335,"Friday, December 04, 2009",04 33 41 51 56 38,
1334,"Tuesday, December 01, 2009",17 30 39 52 53 21,
1333,"Friday, November 27, 2009",12 25 37 39 45 11,
1332,"Tuesday, November 24, 2009",10 11 35 37 50 12,
1331,"Friday, November 20, 2009",03 04 07 16 56 39,
1330,"Tuesday, November 17, 2009",08 22 27 49 50 28,
1329,"Friday, November 13, 2009",27 43 45 49 54 44,
1328,"Tuesday, November 10, 2009",08 21 29 34 37 15,
1327,"Friday, November 06, 2009",07 11 27 40 46 08,
1326,"Tuesday, November 03, 2009",05 18 23 31 38 20,
1325,"Friday, October 30, 2009",04 15 17 29 38 20,
1324,"Tuesday, October 27, 2009",07 13 37 46 51 02,
1323,"Friday, October 23, 2009",27 45 48 54 56 02,
1322,"Tuesday, October 20, 2009",13 17 25 45 55 08,
1321,"Friday, October 16, 2009",10 13 18 33 51 43,
1320,"Tuesday, October 13, 2009",17 31 34 45 51 24,
1319,"Friday, October 09, 2009",03 14 21 24 51 14,
1318,"Tuesday, October 06, 2009",09 33 51 53 56 39,
1317,"Friday, October 02, 2009",15 24 51 53 55 11,
1316,"Tuesday, September 29, 2009",02 21 25 45 50 21,
1315,"Friday, September 25, 2009",07 27 42 49 52 19,
1314,"Tuesday, September 22, 2009",26 29 33 39 46 24,
1313,"Friday, September 18, 2009",18 27 31 36 52 33,
1312,"Tuesday, September 15, 2009",29 30 32 35 41 39,
1311,"Friday, September 11, 2009",16 27 48 49 54 02,
1310,"Tuesday, September 08, 2009",04 10 18 28 50 35,
1309,"Friday, September 04, 2009",02 04 06 21 44 37,
1308,"Tuesday, September 01, 2009",02 09 28 51 53 19,
1307,"Friday, August 28, 2009",01 17 31 37 54 31,
1306,"Tuesday, August 25, 2009",03 12 19 22 40 02,
1305,"Friday, August 21, 2009",09 38 44 48 49 13,
1304,"Tuesday, August 18, 2009",04 05 26 37 56 25,
1303,"Friday, August 14, 2009",08 22 25 33 35 46,
1302,"Tuesday, August 11, 2009",06 12 15 32 42 40,
1301,"Friday, August 07, 2009",07 18 35 45 56 03,
1300,"Tuesday, August 04, 2009",01 28 34 42 50 27,
1299,"Friday, July 31, 2009",17 35 44 52 56 22,
1298,"Tuesday, July 28, 2009",04 17 24 25 48 34,
1297,"Friday, July 24, 2009",03 06 43 51 52 36,
1296,"Tuesday, July 21, 2009",03 08 21 50 52 02,
1295,"Friday, July 17, 2009",08 17 40 47 50 13,
1294,"Tuesday, July 14, 2009",20 29 35 45 53 41,
1293,"Friday, July 10, 2009",05 10 26 27 28 04,
1292,"Tuesday, July 07, 2009",25 27 35 38 39 28,
1291,"Friday, July 03, 2009",05 06 07 11 25 31,
1290,"Tuesday, June 30, 2009",07 34 49 54 55 34,
1289,"Friday, June 26, 2009",11 15 17 29 46 16,
1288,"Tuesday, June 23, 2009",12 14 16 31 50 09,
1287,"Friday, June 19, 2009",04 09 12 16 46 44,
1286,"Tuesday, June 16, 2009",09 15 21 26 45 25,
1285,"Friday, June 12, 2009",06 11 20 32 44 38,
1284,"Tuesday, June 09, 2009",05 17 31 36 56 46,
1283,"Friday, June 05, 2009",05 20 38 41 52 20,
1282,"Tuesday, June 02, 2009",09 13 26 30 35 33,
1281,"Friday, May 29, 2009",23 30 36 39 48 34,
1280,"Tuesday, May 26, 2009",09 18 21 37 55 33,
1279,"Friday, May 22, 2009",03 29 34 42 49 29,
1278,"Tuesday, May 19, 2009",02 04 09 15 42 13,
1277,"Friday, May 15, 2009",07 12 24 36 48 27,
1276,"Tuesday, May 12, 2009",04 08 10 14 51 31,
1275,"Friday, May 08, 2009",12 27 29 32 34 34,
1274,"Tuesday, May 05, 2009",05 23 38 39 54 03,
1273,"Friday, May 01, 2009",09 16 24 40 43 35,
1272,"Tuesday, April 28, 2009",15 20 24 36 44 06,
1271,"Friday, April 24, 2009",09 20 21 48 49 07,
1270,"Tuesday, April 21, 2009",05 24 37 47 52 06,
1269,"Friday, April 17, 2009",05 13 26 35 45 32,
1268,"Tuesday, April 14, 2009",04 11 22 48 50 42,
1267,"Friday, April 10, 2009",18 25 36 42 51 22,
1266,"Tuesday, April 07, 2009",02 04 13 17 36 15,
1265,"Friday, April 03, 2009",16 22 38 39 48 42,
1264,"Tuesday, March 31, 2009",14 39 47 48 53 29,
1263,"Friday, March 27, 2009",10 15 24 38 50 19,
1262,"Tuesday, March 24, 2009",04 25 34 43 44 45,
1261,"Friday, March 20, 2009",15 16 20 39 40 26,
1260,"Tuesday, March 17, 2009",09 15 24 28 31 17,
1259,"Friday, March 13, 2009",10 12 26 46 50 23,
1258,"Tuesday, March 10, 2009",02 27 31 39 40 23,
1257,"Friday, March 06, 2009",11 18 37 46 55 45,
1256,"Tuesday, March 03, 2009",26 32 35 43 52 10,
1255,"Friday, February 27, 2009",24 37 44 50 56 35,
1254,"Tuesday, February 24, 2009",01 27 28 35 40 06,
1253,"Friday, February 20, 2009",21 28 41 45 55 24,
1252,"Tuesday, February 17, 2009",01 09 23 27 33 24,
1251,"Friday, February 13, 2009",25 36 37 40 51 20,
1250,"Tuesday, February 10, 2009",18 29 38 43 47 07,
1249,"Friday, February 06, 2009",02 12 18 28 31 03,
1248,"Tuesday, February 03, 2009",04 15 29 43 56 29,
1247,"Friday, January 30, 2009",13 16 19 53 55 02,
1246,"Tuesday, January 27, 2009",03 11 12 14 21 25,
1245,"Friday, January 23, 2009",02 17 20 27 28 07,
1244,"Tuesday, January 20, 2009",01 09 10 35 46 09,
1243,"Friday, January 16, 2009",02 04 21 39 51 29,
1242,"Tuesday, January 13, 2009",22 25 33 36 48 40,
1241,"Friday, January 09, 2009",23 25 30 45 50 08,
1240,"Tuesday, January 06, 2009",03 11 12 19 33 30,
1239,"Friday, January 02, 2009",02 11 19 21 34 38,
1238,"Tuesday, December 30, 2008",01 22 29 44 52 39,
1237,"Friday, December 26, 2008",06 19 29 33 37 31,
1236,"Tuesday, December 23, 2008",01 08 13 27 41 45,
1235,"Friday, December 19, 2008",03 13 16 39 54 32,
1234,"Tuesday, December 16, 2008",10 14 16 29 40 06,
1233,"Friday, December 12, 2008",10 16 19 27 48 25,
1232,"Tuesday, December 09, 2008",11 12 26 31 33 27,
1231,"Friday, December 05, 2008",21 27 46 52 55 14,
1230,"Tuesday, December 02, 2008",02 17 22 32 51 35,
1229,"Friday, November 28, 2008",10 30 44 46 48 44,
1228,"Tuesday, November 25, 2008",02 11 22 51 52 46,
1227,"Friday, November 21, 2008",01 22 52 53 56 45,
1226,"Tuesday, November 18, 2008",10 15 22 52 53 12,
1225,"Friday, November 14, 2008",03 18 19 30 34 03,
1224,"Tuesday, November 11, 2008",05 27 38 42 55 41,
1223,"Friday, November 07, 2008",14 24 32 43 44 21,
1222,"Tuesday, November 04, 2008",10 21 23 41 55 09,
1221,"Friday, October 31, 2008",02 07 17 29 47 40,
1220,"Tuesday, October 28, 2008",06 39 45 46 48 36,
1219,"Friday, October 24, 2008",05 33 34 47 52 18,
1218,"Tuesday, October 21, 2008",16 19 39 42 44 38,
1217,"Friday, October 17, 2008",07 15 27 28 31 35,
1216,"Tuesday, October 14, 2008",14 35 41 42 51 23,
1215,"Friday, October 10, 2008",14 15 43 46 48 21,
1214,"Tuesday, October 07, 2008",02 25 35 38 42 34,
1213,"Friday, October 03, 2008",13 28 32 41 52 16,
1212,"Tuesday, September 30, 2008",09 30 35 39 49 36,
1211,"Friday, September 26, 2008",06 13 14 31 36 36,
1210,"Tuesday, September 23, 2008",09 32 34 43 52 04,
1209,"Friday, September 19, 2008",02 09 41 48 51 37,
1208,"Tuesday, September 16, 2008",13 24 39 51 52 44,
1207,"Friday, September 12, 2008",01 12 14 25 35 38,
1206,"Tuesday, September 09, 2008",22 23 28 49 52 02,
1205,"Friday, September 05, 2008",01 06 15 27 46 39,
1204,"Tuesday, September 02, 2008",14 23 43 44 54 39,
1203,"Friday, August 29, 2008",21 25 26 50 51 22,
1202,"Tuesday, August 26, 2008",06 16 24 34 36 30,
1201,"Friday, August 22, 2008",12 13 15 41 42 37,
1200,"Tuesday, August 19, 2008",09 18 19 26 40 38,
1199,"Friday, August 15, 2008",08 23 29 30 53 07,
1198,"Tuesday, August 12, 2008",02 07 23 38 40 40,
1197,"Friday, August 08, 2008",11 17 28 32 50 33,
1196,"Tuesday, August 05, 2008",09 21 36 38 55 13,
1195,"Friday, August 01, 2008",09 13 17 18 56 02,
1194,"Tuesday, July 29, 2008",11 13 20 30 42 03,
1193,"Friday, July 25, 2008",02 16 19 35 52 17,
1192,"Tuesday, July 22, 2008",02 16 23 29 32 46,
1191,"Friday, July 18, 2008",17 29 36 53 55 26,
1190,"Tuesday, July 15, 2008",19 24 34 45 51 40,
1189,"Friday, July 11, 2008",05 14 16 39 51 34,
1188,"Tuesday, July 08, 2008",01 20 22 29 41 35,
1187,"Friday, July 04, 2008",01 03 12 19 20 28,
1186,"Tuesday, July 01, 2008",01 22 33 43 52 36,
1185,"Friday, June 27, 2008",08 14 22 39 50 44,
1184,"Tuesday, June 24, 2008",10 22 36 50 53 39,
1183,"Friday, June 20, 2008",11 17 25 36 42 13,
1182,"Tuesday, June 17, 2008",05 14 25 47 49 36,
1181,"Friday, June 13, 2008",08 09 14 38 44 36,
1180,"Tuesday, June 10, 2008",03 05 15 43 51 11,
1179,"Friday, June 06, 2008",08 09 43 44 54 27,
1178,"Tuesday, June 03, 2008",04 19 24 32 54 05,
1177,"Friday, May 30, 2008",39 40 47 53 55 32,
1176,"Tuesday, May 27, 2008",14 24 32 45 49 17,
1175,"Friday, May 23, 2008",04 08 11 22 30 04,
1174,"Tuesday, May 20, 2008",02 14 26 32 41 32,
1173,"Friday, May 16, 2008",06 11 39 46 47 26,
1172,"Tuesday, May 13, 2008",20 24 27 31 47 15,
1171,"Friday, May 09, 2008",16 31 43 46 56 22,
1170,"Tuesday, May 06, 2008",04 21 46 53 54 26,
1169,"Friday, May 02, 2008",08 28 37 53 55 26,
1168,"Tuesday, April 29, 2008",19 24 35 44 51 26,
1167,"Friday, April 25, 2008",19 32 37 45 52 41,
1166,"Tuesday, April 22, 2008",03 22 31 48 54 09,
1165,"Friday, April 18, 2008",24 28 36 50 53 29,
1164,"Tuesday, April 15, 2008",12 13 27 48 50 30,
1163,"Friday, April 11, 2008",14 18 27 31 42 07,
1162,"Tuesday, April 08, 2008",08 09 31 37 44 38,
1161,"Friday, April 04, 2008",03 05 40 45 49 17,
1160,"Tuesday, April 01, 2008",04 17 26 46 56 25,
1159,"Friday, March 28, 2008",07 26 27 40 43 10,
1158,"Tuesday, March 25, 2008",38 42 43 48 53 12,
1157,"Friday, March 21, 2008",05 08 17 19 41 21,
1156,"Tuesday, March 18, 2008",13 15 20 25 44 37,
1155,"Friday, March 14, 2008",03 12 18 25 52 21,
1154,"Tuesday, March 11, 2008",04 13 35 41 47 44,
1153,"Friday, March 07, 2008",19 32 33 41 48 12,
1152,"Tuesday, March 04, 2008",07 15 30 33 56 22,
1151,"Friday, February 29, 2008",05 17 22 26 55 38,
1150,"Tuesday, February 26, 2008",09 12 30 36 55 15,
1149,"Friday, February 22, 2008",07 12 13 19 22 10,
1148,"Tuesday, February 19, 2008",01 38 42 55 56 34,
1147,"Friday, February 15, 2008",07 11 26 30 53 14,
1146,"Tuesday, February 12, 2008",14 27 39 47 50 12,
1145,"Friday, February 08, 2008",21 30 43 46 50 18,
1144,"Tuesday, February 05, 2008",04 05 17 40 51 38,
1143,"Friday, February 01, 2008",03 14 30 44 56 05,
1142,"Tuesday, January 29, 2008",08 23 39 40 42 24,
1141,"Friday, January 25, 2008",05 12 22 38 56 22,
1140,"Tuesday, January 22, 2008",12 15 22 25 33 02,
1139,"Friday, January 18, 2008",12 22 33 43 44 15,
1138,"Tuesday, January 15, 2008",21 30 42 44 50 06,
1137,"Friday, January 11, 2008",22 36 42 45 55 42,
1136,"Tuesday, January 08, 2008",10 29 45 52 54 10,
1135,"Friday, January 04, 2008",24 31 39 40 56 32,
1134,"Tuesday, January 01, 2008",13 16 25 30 54 11,
1133,"Friday, December 28, 2007",02 19 22 28 54 25,
1132,"Tuesday, December 25, 2007",19 36 37 48 52 08,
1131,"Friday, December 21, 2007",14 19 20 43 53 07,
1130,"Tuesday, December 18, 2007",03 23 46 48 49 02,
1129,"Friday, December 14, 2007",04 07 12 17 30 44,
1128,"Tuesday, December 11, 2007",06 25 27 30 45 46,
1127,"Friday, December 07, 2007",12 18 26 28 51 35,
1126,"Tuesday, December 04, 2007",16 27 30 45 53 43,
1125,"Friday, November 30, 2007",05 06 12 26 51 07,
1124,"Tuesday, November 27, 2007",09 10 26 29 39 10,
1123,"Friday, November 23, 2007",18 21 33 42 56 11,
1122,"Tuesday, November 20, 2007",14 20 23 42 43 06,
1121,"Friday, November 16, 2007",12 13 30 31 39 29,
1120,"Tuesday, November 13, 2007",15 26 36 39 40 45,
1119,"Friday, November 09, 2007",11 33 41 42 46 21,
1118,"Tuesday, November 06, 2007",03 17 43 46 47 02,
1117,"Friday, November 02, 2007",01 03 34 49 52 19,
1116,"Tuesday, October 30, 2007",02 08 44 46 51 22,
1115,"Friday, October 26, 2007",12 20 24 38 51 03,
1114,"Tuesday, October 23, 2007",02 07 45 52 53 18,
1113,"Friday, October 19, 2007",05 15 18 23 46 14,
1112,"Tuesday, October 16, 2007",01 02 05 41 44 25,
1111,"Friday, October 12, 2007",21 26 34 44 54 23,
1110,"Tuesday, October 09, 2007",01 10 17 32 51 44,
1109,"Friday, October 05, 2007",10 19 37 40 48 01,
1108,"Tuesday, October 02, 2007",28 37 40 43 44 20,
1107,"Friday, September 28, 2007",04 13 20 25 33 42,
1106,"Tuesday, September 25, 2007",02 19 23 47 54 16,
1105,"Friday, September 21, 2007",05 21 23 33 45 43,
1104,"Tuesday, September 18, 2007",20 24 31 34 49 08,
1103,"Friday, September 14, 2007",05 09 12 33 40 27,
1102,"Tuesday, September 11, 2007",09 10 17 21 35 06,
1101,"Friday, September 07, 2007",14 19 27 34 48 03,
1100,"Tuesday, September 04, 2007",03 06 11 42 46 38,
1099,"Friday, August 31, 2007",08 18 22 40 44 11,
1098,"Tuesday, August 28, 2007",37 40 48 53 56 44,
1097,"Friday, August 24, 2007",04 21 46 51 53 05,
1096,"Tuesday, August 21, 2007",08 38 54 55 56 02,
1095,"Friday, August 17, 2007",02 08 33 38 53 12,
1094,"Tuesday, August 14, 2007",05 08 09 24 34 17,
1093,"Friday, August 10, 2007",10 20 32 33 54 39,
1092,"Tuesday, August 07, 2007",36 41 50 55 56 09,
1091,"Friday, August 03, 2007",16 29 42 46 51 40,
1090,"Tuesday, July 31, 2007",05 18 37 39 43 42,
1089,"Friday, July 27, 2007",07 12 35 54 55 02,
1088,"Tuesday, July 24, 2007",08 17 20 23 50 17,
1087,"Friday, July 20, 2007",06 13 30 41 52 26,
1086,"Tuesday, July 17, 2007",16 30 38 46 51 05,
1085,"Friday, July 13, 2007",07 39 41 48 53 21,
1084,"Tuesday, July 10, 2007",19 24 30 34 56 19,
1083,"Friday, July 06, 2007",03 09 12 25 47 37,
1082,"Tuesday, July 03, 2007",21 35 37 39 40 35,
1081,"Friday, June 29, 2007",01 17 40 51 52 07,
1080,"Tuesday, June 26, 2007",04 10 20 29 45 21,
1079,"Friday, June 22, 2007",11 14 21 24 31 23,
1078,"Tuesday, June 19, 2007",05 16 31 49 54 19,
1077,"Friday, June 15, 2007",01 05 16 26 30 21,
1076,"Tuesday, June 12, 2007",03 13 19 31 50 21,
1075,"Friday, June 08, 2007",06 26 29 31 39 31,
1074,"Tuesday, June 05, 2007",27 35 38 49 56 15,
1073,"Friday, June 01, 2007",12 19 29 32 48 09,
1072,"Tuesday, May 29, 2007",02 24 44 51 54 07,
1071,"Friday, May 25, 2007",10 14 22 42 43 01,
1070,"Tuesday, May 22, 2007",02 07 11 22 36 35,
1069,"Friday, May 18, 2007",13 23 24 30 44 05,
1068,"Tuesday, May 15, 2007",06 13 42 46 56 42,
1067,"Friday, May 11, 2007",28 30 33 48 54 25,
1066,"Tuesday, May 08, 2007",16 24 41 43 54 36,
1065,"Friday, May 04, 2007",04 09 20 45 55 34,
1064,"Tuesday, May 01, 2007",11 16 31 52 53 42,
1063,"Friday, April 27, 2007",05 07 26 38 56 15,
1062,"Tuesday, April 24, 2007",08 10 35 36 43 14,
1061,"Friday, April 20, 2007",01 09 10 23 53 40,
1060,"Tuesday, April 17, 2007",01 04 11 31 47 37,
1059,"Friday, April 13, 2007",11 14 21 25 26 33,
1058,"Tuesday, April 10, 2007",07 15 16 19 28 10,
1057,"Friday, April 06, 2007",24 32 34 36 39 06,
1056,"Tuesday, April 03, 2007",16 26 33 34 46 38,
1055,"Friday, March 30, 2007",15 23 37 48 53 22,
1054,"Tuesday, March 27, 2007",18 25 34 35 42 06,
1053,"Friday, March 23, 2007",18 21 35 51 53 36,
1052,"Tuesday, March 20, 2007",07 21 46 49 55 15,
1051,"Friday, March 16, 2007",17 25 36 40 43 09,
1050,"Tuesday, March 13, 2007",07 11 16 38 49 35,
1049,"Friday, March 09, 2007",10 13 25 42 43 30,
1048,"Tuesday, March 06, 2007",16 22 29 39 42 20,
1047,"Friday, March 02, 2007",14 21 33 35 51 43,
1046,"Tuesday, February 27, 2007",18 31 44 45 48 18,
1045,"Friday, February 23, 2007",03 18 21 38 50 43,
1044,"Tuesday, February 20, 2007",01 09 26 46 51 11,
1043,"Friday, February 16, 2007",17 35 40 46 48 41,
1042,"Tuesday, February 13, 2007",03 09 24 29 41 41,
1041,"Friday, February 09, 2007",32 39 46 48 49 41,
1040,"Tuesday, February 06, 2007",16 21 35 36 46 38,
1039,"Friday, February 02, 2007",22 33 35 40 53 15,
1038,"Tuesday, January 30, 2007",14 18 44 52 56 25,
1037,"Friday, January 26, 2007",16 17 36 49 54 14,
1036,"Tuesday, January 23, 2007",03 05 15 26 53 35,
1035,"Friday, January 19, 2007",04 28 30 31 35 17,
1034,"Tuesday, January 16, 2007",04 08 15 33 52 10,
1033,"Friday, January 12, 2007",12 14 26 40 42 22,
1032,"Tuesday, January 09, 2007",07 11 26 38 54 13,
1031,"Friday, January 05, 2007",02 12 44 46 51 06,
1030,"Tuesday, January 02, 2007",09 10 38 51 53 01,
1029,"Friday, December 29, 2006",03 04 10 39 50 29,
1028,"Tuesday, December 26, 2006",07 12 25 44 53 03,
1027,"Friday, December 22, 2006",05 12 15 25 34 43,
1026,"Tuesday, December 19, 2006",09 32 37 42 48 07,
1025,"Friday, December 15, 2006",06 07 17 28 40 39,
1024,"Tuesday, December 12, 2006",20 30 31 35 49 23,
1023,"Friday, December 08, 2006",01 15 29 32 45 08,
1022,"Tuesday, December 05, 2006",06 09 13 43 46 45,
1021,"Friday, December 01, 2006",16 22 23 37 53 35,
1020,"Tuesday, November 28, 2006",07 14 24 41 56 07,
1019,"Friday, November 24, 2006",14 35 40 47 48 35,
1018,"Tuesday, November 21, 2006",07 13 20 42 47 09,
1017,"Friday, November 17, 2006",05 19 25 30 50 42,
1016,"Tuesday, November 14, 2006",09 20 24 25 36 23,
1015,"Friday, November 10, 2006",11 42 52 53 55 28,
1014,"Tuesday, November 07, 2006",13 22 33 51 52 42,
1013,"Friday, November 03, 2006",08 10 22 25 55 22,
1012,"Tuesday, October 31, 2006",05 34 40 45 46 21,
1011,"Friday, October 27, 2006",15 22 26 30 32 31,
1010,"Tuesday, October 24, 2006",05 25 41 48 51 35,
1009,"Friday, October 20, 2006",09 13 23 29 54 34,
1008,"Tuesday, October 17, 2006",06 18 20 28 38 37,
1007,"Friday, October 13, 2006",24 27 42 47 50 08,
1006,"Tuesday, October 10, 2006",14 30 35 40 43 02,
1005,"Friday, October 06, 2006",01 11 20 21 46 18,
1004,"Tuesday, October 03, 2006",06 19 32 33 40 39,
1003,"Friday, September 29, 2006",03 25 43 45 55 40,
1002,"Tuesday, September 26, 2006",03 06 38 42 45 30,
1001,"Friday, September 22, 2006",07 12 17 22 43 16,
1000,"Tuesday, September 19, 2006",02 19 44 45 56 43,
999,"Friday, September 15, 2006",06 26 33 39 55 01,
998,"Tuesday, September 12, 2006",03 16 25 30 44 42,
997,"Friday, September 08, 2006",09 17 34 52 53 02,
996,"Tuesday, September 05, 2006",01 32 36 42 53 04,
995,"Friday, September 01, 2006",05 06 51 53 55 12,
994,"Tuesday, August 29, 2006",15 25 37 38 52 04,
993,"Friday, August 25, 2006",17 24 35 46 54 33,
992,"Tuesday, August 22, 2006",03 04 05 07 36 16,
991,"Friday, August 18, 2006",05 12 13 46 50 10,
990,"Tuesday, August 15, 2006",10 12 22 44 48 16,
989,"Friday, August 11, 2006",14 16 38 40 49 29,
988,"Tuesday, August 08, 2006",01 05 13 18 33 30,
987,"Friday, August 04, 2006",02 24 31 50 55 44,
986,"Tuesday, August 01, 2006",14 29 32 43 49 14,
985,"Friday, July 28, 2006",02 13 23 32 35 04,
984,"Tuesday, July 25, 2006",07 21 24 41 51 10,
983,"Friday, July 21, 2006",18 26 35 36 43 24,
982,"Tuesday, July 18, 2006",12 13 29 49 52 20,
981,"Friday, July 14, 2006",13 25 26 28 56 39,
980,"Tuesday, July 11, 2006",05 14 34 36 52 42,
979,"Friday, July 07, 2006",07 15 27 46 56 39,
978,"Tuesday, July 04, 2006",09 15 31 42 45 41,
977,"Friday, June 30, 2006",20 40 46 48 54 27,
976,"Tuesday, June 27, 2006",02 14 20 29 44 32,
975,"Friday, June 23, 2006",13 17 24 34 56 24,
974,"Tuesday, June 20, 2006",11 21 37 53 54 12,
973,"Friday, June 16, 2006",27 30 36 38 45 13,
972,"Tuesday, June 13, 2006",01 20 23 24 33 29,
971,"Friday, June 09, 2006",08 17 18 26 47 37,
970,"Tuesday, June 06, 2006",05 29 35 52 53 09,
969,"Friday, June 02, 2006",03 10 18 36 38 41,
968,"Tuesday, May 30, 2006",02 13 28 34 45 36,
967,"Friday, May 26, 2006",12 14 20 47 48 24,
966,"Tuesday, May 23, 2006",17 21 28 48 54 01,
965,"Friday, May 19, 2006",05 12 31 51 56 01,
964,"Tuesday, May 16, 2006",07 24 40 48 50 15,
963,"Friday, May 12, 2006",06 36 39 45 52 45,
962,"Tuesday, May 09, 2006",07 15 24 43 44 22,
961,"Friday, May 05, 2006",08 20 39 53 55 10,
960,"Tuesday, May 02, 2006",07 11 22 27 31 33,
959,"Friday, April 28, 2006",16 29 32 36 55 12,
958,"Tuesday, April 25, 2006",01 20 32 37 39 09,
957,"Friday, April 21, 2006",02 04 07 27 41 04,
956,"Tuesday, April 18, 2006",13 14 25 34 50 06,
955,"Friday, April 14, 2006",08 10 18 29 33 10,
954,"Tuesday, April 11, 2006",02 12 45 46 56 20,
953,"Friday, April 07, 2006",01 18 31 46 52 37,
952,"Tuesday, April 04, 2006",09 25 48 51 56 07,
951,"Friday, March 31, 2006",04 07 19 50 52 15,
950,"Tuesday, March 28, 2006",14 18 35 39 49 14,
949,"Friday, March 24, 2006",01 02 17 47 49 19,
948,"Tuesday, March 21, 2006",04 16 17 28 31 08,
947,"Friday, March 17, 2006",08 11 23 48 52 05,
946,"Tuesday, March 14, 2006",27 28 30 42 50 22,
945,"Friday, March 10, 2006",04 17 18 51 54 31,
944,"Tuesday, March 07, 2006",15 27 36 38 42 32,
943,"Friday, March 03, 2006",25 29 38 39 46 04,
942,"Tuesday, February 28, 2006",02 04 35 36 48 22,
941,"Friday, February 24, 2006",03 05 12 16 34 27,
940,"Tuesday, February 21, 2006",14 23 27 36 45 36,
939,"Friday, February 17, 2006",16 25 31 43 46 28,
938,"Tuesday, February 14, 2006",27 36 43 49 54 33,
937,"Friday, February 10, 2006",24 39 40 43 46 02,
936,"Tuesday, February 07, 2006",02 16 25 30 48 26,
935,"Friday, February 03, 2006",29 31 32 41 52 42,
934,"Tuesday, January 31, 2006",01 35 53 54 56 44,
933,"Friday, January 27, 2006",02 07 08 18 29 46,
932,"Tuesday, January 24, 2006",31 34 36 51 55 04,
931,"Friday, January 20, 2006",18 22 28 44 53 46,
930,"Tuesday, January 17, 2006",24 32 37 39 40 44,
929,"Friday, January 13, 2006",05 21 27 44 53 36,
928,"Tuesday, January 10, 2006",07 27 32 37 38 30,
927,"Friday, January 06, 2006",08 11 28 37 53 12,
926,"Tuesday, January 03, 2006",15 19 20 32 38 21,
925,"Friday, December 30, 2005",14 20 25 40 44 37,
924,"Tuesday, December 27, 2005",11 24 27 49 55 23,
923,"Friday, December 23, 2005",10 37 39 49 54 08,
922,"Tuesday, December 20, 2005",06 20 23 40 56 36,
921,"Friday, December 16, 2005",14 25 26 31 56 17,
920,"Tuesday, December 13, 2005",09 10 12 22 41 04,
919,"Friday, December 09, 2005",14 15 31 32 43 20,
918,"Tuesday, December 06, 2005",06 10 26 30 33 16,
917,"Friday, December 02, 2005",03 12 21 38 44 45,
916,"Tuesday, November 29, 2005",07 08 47 51 52 05,
915,"Friday, November 25, 2005",05 25 31 33 34 41,
914,"Tuesday, November 22, 2005",09 22 37 41 43 30,
913,"Friday, November 18, 2005",08 18 21 42 46 11,
912,"Tuesday, November 15, 2005",02 04 05 40 48 07,
911,"Friday, November 11, 2005",09 14 34 50 51 40,
910,"Tuesday, November 08, 2005",08 16 21 25 27 16,
909,"Friday, November 04, 2005",07 09 41 53 54 38,
908,"Tuesday, November 01, 2005",05 18 21 28 36 20,
907,"Friday, October 28, 2005",08 17 25 28 53 01,
906,"Tuesday, October 25, 2005",07 12 18 31 55 30,
905,"Friday, October 21, 2005",11 17 28 29 36 42,
904,"Tuesday, October 18, 2005",03 12 16 32 33 15,
903,"Friday, October 14, 2005",06 20 24 25 34 44,
902,"Tuesday, October 11, 2005",24 30 42 53 54 20,
901,"Friday, October 07, 2005",02 04 23 27 36 37,
900,"Tuesday, October 04, 2005",12 24 28 29 36 41,
899,"Friday, September 30, 2005",01 03 14 30 52 10,
898,"Tuesday, September 27, 2005",14 17 26 27 28 05,
897,"Friday, September 23, 2005",06 07 20 41 51 38,
896,"Tuesday, September 20, 2005",35 36 40 42 52 45,
895,"Friday, September 16, 2005",05 16 41 46 50 01,
894,"Tuesday, September 13, 2005",13 24 44 48 52 30,
893,"Friday, September 09, 2005",15 28 43 51 52 11,
892,"Tuesday, September 06, 2005",01 08 27 31 50 40,
891,"Friday, September 02, 2005",01 04 14 45 53 33,
890,"Tuesday, August 30, 2005",19 32 42 49 56 29,
889,"Friday, August 26, 2005",05 20 38 47 54 35,
888,"Tuesday, August 23, 2005",06 07 08 13 40 12,
887,"Friday, August 19, 2005",02 13 18 36 46 36,
886,"Tuesday, August 16, 2005",09 15 20 24 55 03,
885,"Friday, August 12, 2005",08 37 38 45 54 21,
884,"Tuesday, August 09, 2005",13 35 36 43 52 05,
883,"Friday, August 05, 2005",03 05 48 50 53 04,
882,"Tuesday, August 02, 2005",17 22 39 50 52 46,
881,"Friday, July 29, 2005",04 16 23 25 40 22,
880,"Tuesday, July 26, 2005",01 10 18 29 55 08,
879,"Friday, July 22, 2005",07 18 27 35 54 34,
878,"Tuesday, July 19, 2005",07 13 48 51 54 11,
877,"Friday, July 15, 2005",09 13 25 36 48 02,
876,"Tuesday, July 12, 2005",05 17 32 39 53 36,
875,"Friday, July 08, 2005",09 23 45 48 50 03,
874,"Tuesday, July 05, 2005",22 38 48 50 55 29,
873,"Friday, July 01, 2005",14 25 41 42 50 40,
872,"Tuesday, June 28, 2005",02 20 37 43 46 04,
871,"Friday, June 24, 2005",14 43 44 50 56 07,
870,"Tuesday, June 21, 2005",09 13 40 46 50 30,
869,"Friday, June 17, 2005",16 35 40 49 50 34,
868,"Tuesday, June 14, 2005",01 10 29 48 49 36,
867,"Friday, June 10, 2005",14 29 31 37 50 34,
866,"Tuesday, June 07, 2005",07 14 28 46 47 25,
865,"Friday, June 03, 2005",04 06 14 28 47 42,
864,"Tuesday, May 31, 2005",05 13 22 37 38 11,
863,"Friday, May 27, 2005",07 17 22 34 50 24,
862,"Tuesday, May 24, 2005",09 28 39 40 45 24,
861,"Friday, May 20, 2005",03 06 27 40 44 09,
860,"Tuesday, May 17, 2005",07 09 10 29 44 17,
859,"Friday, May 13, 2005",21 23 27 33 39 08,
858,"Tuesday, May 10, 2005",11 25 38 40 42 40,
857,"Friday, May 06, 2005",07 12 25 50 51 19,
856,"Tuesday, May 03, 2005",07 17 42 46 52 47,
855,"Friday, April 29, 2005",02 05 07 28 46 21,
854,"Tuesday, April 26, 2005",18 22 33 34 42 16,
853,"Friday, April 22, 2005",23 25 43 46 49 26,
852,"Tuesday, April 19, 2005",05 06 14 42 47 03,
851,"Friday, April 15, 2005",25 26 37 39 49 29,
850,"Tuesday, April 12, 2005",15 20 43 47 50 24,
849,"Friday, April 08, 2005",05 13 17 33 35 35,
848,"Tuesday, April 05, 2005",04 19 45 51 52 22,
847,"Friday, April 01, 2005",11 19 28 32 45 10,
846,"Tuesday, March 29, 2005",07 17 18 30 42 38,
845,"Friday, March 25, 2005",11 18 19 45 49 02,
844,"Tuesday, March 22, 2005",06 11 27 37 43 34,
843,"Friday, March 18, 2005",02 09 28 29 48 33,
842,"Tuesday, March 15, 2005",14 26 27 34 44 27,
841,"Friday, March 11, 2005",18 19 31 35 36 17,
840,"Tuesday, March 08, 2005",08 14 15 22 31 13,
839,"Friday, March 04, 2005",07 10 13 35 39 21,
838,"Tuesday, March 01, 2005",01 08 18 39 48 01,
837,"Friday, February 25, 2005",04 13 37 38 50 24,
836,"Tuesday, February 22, 2005",15 18 28 41 45 27,
835,"Friday, February 18, 2005",01 19 31 35 42 34,
834,"Tuesday, February 15, 2005",03 16 20 21 38 10,
833,"Friday, February 11, 2005",06 14 21 24 50 28,
832,"Tuesday, February 08, 2005",08 11 14 23 25 21,
831,"Friday, February 04, 2005",03 12 14 30 52 34,
830,"Tuesday, February 01, 2005",03 17 21 42 44 35,
829,"Friday, January 28, 2005",25 31 39 47 52 43,
828,"Tuesday, January 25, 2005",02 10 21 25 45 22,
827,"Friday, January 21, 2005",17 27 39 40 41 21,
826,"Tuesday, January 18, 2005",10 23 28 39 51 05,
825,"Friday, January 14, 2005",15 19 24 40 47 50,
824,"Tuesday, January 11, 2005",02 23 24 35 45 18,
823,"Friday, January 07, 2005",02 08 14 15 51 38,
822,"Tuesday, January 04, 2005",03 06 07 12 32 30,
821,"Friday, December 31, 2004",10 14 45 47 51 20,
820,"Tuesday, December 28, 2004",18 29 32 38 43 50,
819,"Friday, December 24, 2004",09 20 22 41 42 10,
818,"Tuesday, December 21, 2004",07 22 27 31 38 12,
817,"Friday, December 17, 2004",16 34 38 42 47 01,
816,"Tuesday, December 14, 2004",14 27 32 34 40 02,
815,"Friday, December 10, 2004",22 23 37 42 47 15,
814,"Tuesday, December 07, 2004",01 19 22 32 49 29,
813,"Friday, December 03, 2004",12 32 37 41 52 13,
812,"Tuesday, November 30, 2004",10 20 22 28 52 04,
811,"Friday, November 26, 2004",07 09 18 37 43 34,
810,"Tuesday, November 23, 2004",08 30 32 35 51 17,
809,"Friday, November 19, 2004",01 12 24 36 51 38,
808,"Tuesday, November 16, 2004",09 10 27 28 30 18,
807,"Friday, November 12, 2004",05 31 33 35 51 01,
806,"Tuesday, November 09, 2004",11 20 26 28 52 07,
805,"Friday, November 05, 2004",03 29 30 41 43 01,
804,"Tuesday, November 02, 2004",24 32 42 49 50 03,
803,"Friday, October 29, 2004",10 18 26 31 41 48,
802,"Tuesday, October 26, 2004",14 25 39 43 49 27,
801,"Friday, October 22, 2004",03 07 20 24 43 36,
800,"Tuesday, October 19, 2004",06 13 19 34 50 33,
799,"Friday, October 15, 2004",04 08 24 30 36 25,
798,"Tuesday, October 12, 2004",04 18 19 39 51 13,
797,"Friday, October 08, 2004",16 17 21 33 41 06,
796,"Tuesday, October 05, 2004",08 34 39 48 49 47,
795,"Friday, October 01, 2004",08 10 17 24 39 52,
794,"Tuesday, September 28, 2004",01 18 39 42 50 35,
793,"Friday, September 24, 2004",11 26 30 49 50 52,
792,"Tuesday, September 21, 2004",01 03 15 19 29 39,
791,"Friday, September 17, 2004",03 16 25 38 49 04,
790,"Tuesday, September 14, 2004",12 35 37 38 50 49,
789,"Friday, September 10, 2004",11 17 27 45 52 05,
788,"Tuesday, September 07, 2004",13 30 36 38 51 35,
787,"Friday, September 03, 2004",04 14 34 38 44 10,
786,"Tuesday, August 31, 2004",14 15 25 42 44 03,
785,"Friday, August 27, 2004",05 25 38 46 47 14,
784,"Tuesday, August 24, 2004",02 05 21 47 50 46,
783,"Friday, August 20, 2004",12 17 34 37 39 34,
782,"Tuesday, August 17, 2004",22 23 26 28 36 10,
781,"Friday, August 13, 2004",14 31 41 45 48 20,
780,"Tuesday, August 10, 2004",18 25 29 31 44 33,
779,"Friday, August 06, 2004",04 23 33 38 49 07,
778,"Tuesday, August 03, 2004",01 02 13 16 22 31,
777,"Friday, July 30, 2004",16 19 21 34 35 22,
776,"Tuesday, July 27, 2004",08 10 11 13 24 46,
775,"Friday, July 23, 2004",05 12 25 35 37 12,
774,"Tuesday, July 20, 2004",06 15 21 32 44 13,
773,"Friday, July 16, 2004",03 21 22 35 44 07,
772,"Tuesday, July 13, 2004",13 31 37 39 52 38,
771,"Friday, July 09, 2004",11 23 25 29 45 16,
770,"Tuesday, July 06, 2004",06 07 08 31 48 19,
769,"Friday, July 02, 2004",10 25 38 39 50 12,
768,"Tuesday, June 29, 2004",10 13 19 28 38 01,
767,"Friday, June 25, 2004",18 19 29 32 42 32,
766,"Tuesday, June 22, 2004",09 10 17 41 52 19,
765,"Friday, June 18, 2004",07 10 11 15 51 23,
764,"Tuesday, June 15, 2004",18 23 27 29 44 24,
763,"Friday, June 11, 2004",12 28 36 39 52 36,
762,"Tuesday, June 08, 2004",17 24 29 37 45 43,
761,"Friday, June 04, 2004",04 16 18 41 47 46,
760,"Tuesday, June 01, 2004",07 16 17 26 48 15,
759,"Friday, May 28, 2004",13 27 36 39 51 33,
758,"Tuesday, May 25, 2004",05 18 34 36 39 43,
757,"Friday, May 21, 2004",04 20 27 38 49 31,
756,"Tuesday, May 18, 2004",02 36 44 46 51 45,
755,"Friday, May 14, 2004",10 19 32 36 46 06,
754,"Tuesday, May 11, 2004",09 25 30 34 37 30,
753,"Friday, May 07, 2004",14 17 19 44 50 17,
752,"Tuesday, May 04, 2004",03 15 29 37 39 40,
751,"Friday, April 30, 2004",15 21 32 39 50 34,
750,"Tuesday, April 27, 2004",01 10 17 23 35 45,
749,"Friday, April 23, 2004",08 22 25 47 48 27,
748,"Tuesday, April 20, 2004",12 22 37 46 48 49,
747,"Friday, April 16, 2004",06 24 29 42 51 41,
746,"Tuesday, April 13, 2004",13 36 39 50 51 34,
745,"Friday, April 09, 2004",02 08 10 11 23 40,
744,"Tuesday, April 06, 2004",08 17 29 32 39 49,
743,"Friday, April 02, 2004",08 17 25 46 47 13,
742,"Tuesday, March 30, 2004",03 27 31 41 45 33,
741,"Friday, March 26, 2004",08 10 17 37 49 20,
740,"Tuesday, March 23, 2004",12 22 35 39 46 32,
739,"Friday, March 19, 2004",06 09 14 32 50 04,
738,"Tuesday, March 16, 2004",03 28 45 49 51 52,
737,"Friday, March 12, 2004",04 29 32 35 36 11,
736,"Tuesday, March 09, 2004",16 23 29 36 51 49,
735,"Friday, March 05, 2004",30 40 47 49 52 03,
734,"Tuesday, March 02, 2004",25 30 35 40 50 04,
733,"Friday, February 27, 2004",02 09 24 36 52 44,
732,"Tuesday, February 24, 2004",06 11 43 49 52 21,
731,"Friday, February 20, 2004",01 13 20 21 30 24,
730,"Tuesday, February 17, 2004",02 08 34 36 52 21,
729,"Friday, February 13, 2004",14 30 42 43 45 30,
728,"Tuesday, February 10, 2004",03 07 10 22 32 23,
727,"Friday, February 06, 2004",01 06 16 30 49 13,
726,"Tuesday, February 03, 2004",09 21 26 35 41 17,
725,"Friday, January 30, 2004",17 28 30 40 51 44,
724,"Tuesday, January 27, 2004",06 10 20 38 50 27,
723,"Friday, January 23, 2004",10 18 33 46 51 13,
722,"Tuesday, January 20, 2004",05 07 14 21 45 36,
721,"Friday, January 16, 2004",12 26 41 44 49 44,
720,"Tuesday, January 13, 2004",03 17 18 21 45 21,
719,"Friday, January 09, 2004",24 32 38 47 49 12,
718,"Tuesday, January 06, 2004",07 13 15 25 32 09,
717,"Friday, January 02, 2004",07 08 36 44 48 09,
716,"Tuesday, December 30, 2003",12 18 21 32 46 49,
715,"Friday, December 26, 2003",01 10 17 20 29 36,
714,"Tuesday, December 23, 2003",02 13 21 22 49 52,
713,"Friday, December 19, 2003",05 10 17 35 39 38,
712,"Tuesday, December 16, 2003",16 24 31 46 47 47,
711,"Friday, December 12, 2003",09 16 32 45 46 26,
710,"Tuesday, December 09, 2003",04 14 15 24 48 41,
709,"Friday, December 05, 2003",01 12 15 18 44 42,
708,"Tuesday, December 02, 2003",10 13 24 34 49 04,
707,"Friday, November 28, 2003",19 26 31 44 50 19,
706,"Tuesday, November 25, 2003",22 32 37 40 41 52,
705,"Friday, November 21, 2003",14 26 28 36 42 14,
704,"Tuesday, November 18, 2003",04 11 25 30 52 36,
703,"Friday, November 14, 2003",03 13 31 41 42 52,
702,"Tuesday, November 11, 2003",02 05 17 21 22 43,
701,"Friday, November 07, 2003",06 18 23 26 30 31,
700,"Tuesday, November 04, 2003",16 24 43 44 45 22,
699,"Friday, October 31, 2003",06 12 13 36 46 03,
698,"Tuesday, October 28, 2003",06 09 20 40 47 26,
697,"Friday, October 24, 2003",08 09 16 30 31 15,
696,"Tuesday, October 21, 2003",18 34 46 51 52 38,
695,"Friday, October 17, 2003",14 20 31 46 48 18,
694,"Tuesday, October 14, 2003",18 19 21 33 40 29,
693,"Friday, October 10, 2003",04 19 36 42 48 13,
692,"Tuesday, October 07, 2003",01 02 22 40 41 43,
691,"Friday, October 03, 2003",19 21 30 31 52 51,
690,"Tuesday, September 30, 2003",02 26 37 40 46 49,
689,"Friday, September 26, 2003",05 29 32 45 52 29,
688,"Tuesday, September 23, 2003",05 16 24 49 51 28,
687,"Friday, September 19, 2003",13 14 24 34 47 13,
686,"Tuesday, September 16, 2003",15 20 24 30 46 42,
685,"Friday, September 12, 2003",16 22 23 38 46 45,
684,"Tuesday, September 09, 2003",14 15 30 39 46 30,
683,"Friday, September 05, 2003",07 09 28 41 42 19,
682,"Tuesday, September 02, 2003",22 26 27 32 39 14,
681,"Friday, August 29, 2003",08 11 17 42 52 10,
680,"Tuesday, August 26, 2003",09 28 42 44 49 47,
679,"Friday, August 22, 2003",04 19 31 32 51 31,
678,"Tuesday, August 19, 2003",07 11 24 28 52 16,
677,"Friday, August 15, 2003",01 16 20 41 52 13,
676,"Tuesday, August 12, 2003",08 11 18 35 51 26,
675,"Friday, August 08, 2003",06 09 35 40 43 42,
674,"Tuesday, August 05, 2003",07 32 34 38 44 49,
673,"Friday, August 01, 2003",02 11 27 30 33 46,
672,"Tuesday, July 29, 2003",01 17 19 32 42 33,
671,"Friday, July 25, 2003",33 46 47 50 51 30,
670,"Tuesday, July 22, 2003",01 05 31 38 47 03,
669,"Friday, July 18, 2003",29 30 34 38 44 39,
668,"Tuesday, July 15, 2003",01 26 33 43 48 22,
667,"Friday, July 11, 2003",01 04 10 16 18 10,
666,"Tuesday, July 08, 2003",02 09 27 29 35 18,
665,"Friday, July 04, 2003",06 07 22 37 46 08,
664,"Tuesday, July 01, 2003",28 32 39 45 48 31,
663,"Friday, June 27, 2003",01 14 20 31 40 43,
662,"Tuesday, June 24, 2003",02 26 43 44 47 31,
661,"Friday, June 20, 2003",01 02 03 12 37 35,
660,"Tuesday, June 17, 2003",27 31 34 40 52 01,
659,"Friday, June 13, 2003",12 15 16 20 51 33,
658,"Tuesday, June 10, 2003",14 15 23 32 52 37,
657,"Friday, June 06, 2003",10 14 28 39 40 35,
656,"Tuesday, June 03, 2003",04 20 25 29 32 20,
655,"Friday, May 30, 2003",01 21 28 33 51 03,
654,"Tuesday, May 27, 2003",10 11 17 20 26 03,
653,"Friday, May 23, 2003",12 20 31 33 50 17,
652,"Tuesday, May 20, 2003",02 16 36 44 49 03,
651,"Friday, May 16, 2003",05 10 16 26 39 52,
650,"Tuesday, May 13, 2003",17 20 47 49 50 34,
649,"Friday, May 09, 2003",01 10 20 22 28 39,
648,"Tuesday, May 06, 2003",05 14 32 44 52 24,
647,"Friday, May 02, 2003",02 05 19 32 34 52,
646,"Tuesday, April 29, 2003",06 08 09 33 35 32,
645,"Friday, April 25, 2003",01 12 32 48 51 29,
644,"Tuesday, April 22, 2003",03 09 15 28 52 07,
643,"Friday, April 18, 2003",05 15 24 50 52 03,
642,"Tuesday, April 15, 2003",16 29 31 39 52 21,
641,"Friday, April 11, 2003",15 26 27 38 39 46,
640,"Tuesday, April 08, 2003",08 10 24 38 45 06,
639,"Friday, April 04, 2003",06 22 28 31 40 18,
638,"Tuesday, April 01, 2003",07 12 26 45 47 36,
637,"Friday, March 28, 2003",08 12 21 27 29 15,
636,"Tuesday, March 25, 2003",15 21 37 40 42 07,
635,"Friday, March 21, 2003",06 17 18 40 50 08,
634,"Tuesday, March 18, 2003",13 14 16 29 49 29,
633,"Friday, March 14, 2003",03 06 14 31 33 08,
632,"Tuesday, March 11, 2003",10 15 26 28 39 10,
631,"Friday, March 07, 2003",07 10 32 36 41 33,
630,"Tuesday, March 04, 2003",02 26 36 37 41 22,
629,"Friday, February 28, 2003",11 16 26 48 49 13,
628,"Tuesday, February 25, 2003",02 04 06 37 47 38,
627,"Friday, February 21, 2003",21 28 29 40 51 20,
626,"Tuesday, February 18, 2003",12 22 29 42 50 11,
625,"Friday, February 14, 2003",11 13 19 32 47 21,
624,"Tuesday, February 11, 2003",18 20 23 48 49 10,
623,"Friday, February 07, 2003",03 09 20 26 27 50,
622,"Tuesday, February 04, 2003",05 12 16 22 24 48,
621,"Friday, January 31, 2003",01 08 09 19 22 21,
620,"Tuesday, January 28, 2003",13 24 26 32 47 34,
619,"Friday, January 24, 2003",16 31 37 40 41 05,
618,"Tuesday, January 21, 2003",04 41 48 50 51 23,
617,"Friday, January 17, 2003",25 26 38 42 46 27,
616,"Tuesday, January 14, 2003",30 39 41 47 52 27,
615,"Friday, January 10, 2003",07 17 18 34 50 18,
614,"Tuesday, January 07, 2003",15 16 28 34 51 33,
613,"Friday, January 03, 2003",06 14 28 37 46 03,
612,"Tuesday, December 31, 2002",08 21 29 42 51 34,
611,"Friday, December 27, 2002",11 14 26 30 39 03,
610,"Tuesday, December 24, 2002",08 24 39 43 52 43,
609,"Friday, December 20, 2002",10 14 41 46 49 52,
608,"Tuesday, December 17, 2002",03 07 21 29 49 46,
607,"Friday, December 13, 2002",02 13 14 24 46 34,
606,"Tuesday, December 10, 2002",03 05 09 16 31 28,
605,"Friday, December 06, 2002",04 08 30 36 52 48,
604,"Tuesday, December 03, 2002",01 15 19 40 51 26,
603,"Friday, November 29, 2002",08 25 33 42 49 40,
602,"Tuesday, November 26, 2002",03 21 27 31 43 34,
601,"Friday, November 22, 2002",11 16 19 22 46 05,
600,"Tuesday, November 19, 2002",07 16 20 40 52 08,
599,"Friday, November 15, 2002",06 17 44 49 51 39,
598,"Tuesday, November 12, 2002",03 28 45 48 50 24,
597,"Friday, November 08, 2002",17 19 37 47 48 14,
596,"Tuesday, November 05, 2002",02 07 16 28 36 47,
595,"Friday, November 01, 2002",05 10 22 23 43 37,
594,"Tuesday, October 29, 2002",09 10 14 41 49 35,
593,"Friday, October 25, 2002",08 15 34 39 47 04,
592,"Tuesday, October 22, 2002",16 20 26 36 48 32,
591,"Friday, October 18, 2002",10 31 40 48 51 38,
590,"Tuesday, October 15, 2002",06 20 27 34 51 22,
589,"Friday, October 11, 2002",09 11 17 26 41 29,
588,"Tuesday, October 08, 2002",18 34 43 47 50 25,
587,"Friday, October 04, 2002",10 42 43 45 51 01,
586,"Tuesday, October 01, 2002",07 21 30 32 37 15,
585,"Friday, September 27, 2002",23 27 30 33 36 05,
584,"Tuesday, September 24, 2002",08 32 34 42 50 21,
583,"Friday, September 20, 2002",01 02 04 05 46 08,
582,"Tuesday, September 17, 2002",07 10 19 26 44 05,
581,"Friday, September 13, 2002",24 32 37 40 51 12,
580,"Tuesday, September 10, 2002",04 06 10 21 25 21,
579,"Friday, September 06, 2002",31 39 42 49 51 35,
578,"Tuesday, September 03, 2002",08 23 36 49 51 10,
577,"Friday, August 30, 2002",06 31 32 42 51 42,
576,"Tuesday, August 27, 2002",02 05 11 18 45 22,
575,"Friday, August 23, 2002",05 19 20 45 48 44,
574,"Tuesday, August 20, 2002",02 13 20 23 43 06,
573,"Friday, August 16, 2002",22 31 33 44 52 43,
572,"Tuesday, August 13, 2002",03 10 15 18 25 52,
571,"Friday, August 09, 2002",07 17 23 43 44 26,
570,"Tuesday, August 06, 2002",02 06 38 40 50 14,
569,"Friday, August 02, 2002",10 16 23 28 31 07,
568,"Tuesday, July 30, 2002",02 06 22 27 44 01,
567,"Friday, July 26, 2002",20 27 28 37 49 32,
566,"Tuesday, July 23, 2002",10 12 29 32 38 07,
565,"Friday, July 19, 2002",07 15 24 37 46 09,
564,"Tuesday, July 16, 2002",10 24 35 49 52 47,
563,"Friday, July 12, 2002",13 19 23 38 47 15,
562,"Tuesday, July 09, 2002",26 29 31 44 48 40,
561,"Friday, July 05, 2002",11 20 26 29 41 41,
560,"Tuesday, July 02, 2002",14 22 32 35 44 06,
559,"Friday, June 28, 2002",18 31 49 50 51 04,
558,"Tuesday, June 25, 2002",04 18 21 27 41 50,
557,"Friday, June 21, 2002",13 18 32 39 49 06,
556,"Tuesday, June 18, 2002",06 13 18 27 45 18,
555,"Friday, June 14, 2002",04 08 32 37 43 02,
554,"Tuesday, June 11, 2002",05 06 09 33 44 52,
553,"Friday, June 07, 2002",14 22 27 28 42 13,
552,"Tuesday, June 04, 2002",03 25 29 30 48 48,
551,"Friday, May 31, 2002",12 28 45 46 52 47,
550,"Tuesday, May 28, 2002",06 21 22 29 32 24,
549,"Friday, May 24, 2002",02 04 32 44 52 36,
548,"Tuesday, May 21, 2002",04 28 39 41 44 09,
547,"Friday, May 17, 2002",15 18 25 33 47 30,
546,"Tuesday, May 14, 2002",23 30 36 44 47 28,
545,"Friday, May 10, 2002",01 07 35 38 49 10,
544,"Tuesday, May 07, 2002",02 22 26 39 40 11,
543,"Friday, May 03, 2002",02 21 27 35 49 08,
542,"Tuesday, April 30, 2002",04 05 09 26 42 20,
541,"Friday, April 26, 2002",11 12 21 39 44 01,
540,"Tuesday, April 23, 2002",03 27 31 45 47 03,
539,"Friday, April 19, 2002",03 04 26 40 46 04,
538,"Tuesday, April 16, 2002",07 10 25 26 27 23,
537,"Friday, April 12, 2002",06 13 14 17 41 06,
536,"Tuesday, April 09, 2002",01 15 17 21 41 04,
535,"Friday, April 05, 2002",08 21 35 47 50 15,
534,"Tuesday, April 02, 2002",34 37 38 39 42 21,
533,"Friday, March 29, 2002",15 26 28 35 44 30,
532,"Tuesday, March 26, 2002",01 15 17 22 40 22,
531,"Friday, March 22, 2002",07 12 19 35 41 34,
530,"Tuesday, March 19, 2002",17 28 31 35 37 07,
529,"Friday, March 15, 2002",05 10 22 34 45 02,
528,"Tuesday, March 12, 2002",04 08 20 29 47 05,
527,"Friday, March 08, 2002",13 15 31 36 49 18,
526,"Tuesday, March 05, 2002",02 13 15 21 46 03,
525,"Friday, March 01, 2002",13 17 37 49 50 36,
524,"Tuesday, February 26, 2002",06 19 22 40 44 27,
523,"Friday, February 22, 2002",04 11 37 40 44 09,
522,"Tuesday, February 19, 2002",25 27 37 40 48 01,
521,"Friday, February 15, 2002",02 19 41 45 47 24,
520,"Tuesday, February 12, 2002",02 06 10 26 29 33,
519,"Friday, February 08, 2002",03 13 19 40 47 13,
518,"Tuesday, February 05, 2002",05 11 30 33 43 12,
517,"Friday, February 01, 2002",04 15 17 23 33 29,
516,"Tuesday, January 29, 2002",04 21 30 33 48 34,
515,"Friday, January 25, 2002",09 23 29 32 45 30,
514,"Tuesday, January 22, 2002",01 12 35 37 49 01,
513,"Friday, January 18, 2002",01 02 09 26 27 06,
512,"Tuesday, January 15, 2002",04 08 32 41 49 20,
511,"Friday, January 11, 2002",04 05 21 24 38 21,
510,"Tuesday, January 08, 2002",14 17 25 32 46 30,
509,"Friday, January 04, 2002",07 12 24 34 37 35,
508,"Tuesday, January 01, 2002",16 24 39 45 50 36,
507,"Friday, December 28, 2001",21 29 30 32 42 20,
506,"Tuesday, December 25, 2001",20 29 34 35 48 23,
505,"Friday, December 21, 2001",03 16 18 19 43 09,
504,"Tuesday, December 18, 2001",03 12 29 37 47 16,
503,"Friday, December 14, 2001",06 27 28 29 42 36,
502,"Tuesday, December 11, 2001",18 22 24 32 47 02,
501,"Friday, December 07, 2001",05 06 13 20 46 15,
500,"Tuesday, December 04, 2001",17 21 22 24 30 07,
499,"Friday, November 30, 2001",07 08 20 21 42 05,
498,"Tuesday, November 27, 2001",01 22 25 43 46 10,
497,"Friday, November 23, 2001",03 04 38 42 49 31,
496,"Tuesday, November 20, 2001",11 16 38 41 45 23,
495,"Friday, November 16, 2001",04 07 08 38 46 36,
494,"Tuesday, November 13, 2001",03 10 23 35 42 09,
493,"Friday, November 09, 2001",05 17 21 31 41 13,
492,"Tuesday, November 06, 2001",03 11 15 22 38 02,
491,"Friday, November 02, 2001",10 11 15 35 39 14,
490,"Tuesday, October 30, 2001",07 09 29 46 49 33,
489,"Friday, October 26, 2001",16 19 22 26 45 09,
488,"Tuesday, October 23, 2001",24 32 34 38 46 02,
487,"Friday, October 19, 2001",01 24 28 33 47 25,
486,"Tuesday, October 16, 2001",15 16 19 26 47 23,
485,"Friday, October 12, 2001",04 12 17 22 49 22,
484,"Tuesday, October 09, 2001",13 17 21 26 34 05,
483,"Friday, October 05, 2001",03 07 18 23 34 23,
482,"Tuesday, October 02, 2001",07 14 22 41 46 01,
481,"Friday, September 28, 2001",01 09 16 21 25 14,
480,"Tuesday, September 25, 2001",07 13 29 32 48 03,
479,"Friday, September 21, 2001",01 30 34 36 50 03,
478,"Tuesday, September 18, 2001",11 14 18 33 48 22,
477,"Friday, September 14, 2001",02 21 27 28 45 03,
476,"Tuesday, September 11, 2001",03 11 33 41 49 21,
475,"Friday, September 07, 2001",11 18 31 37 46 16,
474,"Tuesday, September 04, 2001",26 29 32 33 43 36,
473,"Friday, August 31, 2001",04 07 08 12 38 16,
472,"Tuesday, August 28, 2001",10 29 39 47 50 35,
471,"Friday, August 24, 2001",02 10 23 26 38 26,
470,"Tuesday, August 21, 2001",04 11 14 45 49 29,
469,"Friday, August 17, 2001",01 09 16 28 46 24,
468,"Tuesday, August 14, 2001",01 22 27 28 35 26,
467,"Friday, August 10, 2001",04 12 35 36 42 06,
466,"Tuesday, August 07, 2001",05 28 31 35 47 19,
465,"Friday, August 03, 2001",04 11 21 41 44 02,
464,"Tuesday, July 31, 2001",04 06 08 22 28 14,
463,"Friday, July 27, 2001",28 29 43 46 47 03,
462,"Tuesday, July 24, 2001",05 06 10 13 20 15,
461,"Friday, July 20, 2001",14 34 38 43 47 15,
460,"Tuesday, July 17, 2001",17 22 27 37 49 18,
459,"Friday, July 13, 2001",24 35 37 45 50 35,
458,"Tuesday, July 10, 2001",03 08 17 28 50 15,
457,"Friday, July 06, 2001",03 12 22 39 46 01,
456,"Tuesday, July 03, 2001",05 24 26 40 41 07,
455,"Friday, June 29, 2001",05 09 12 28 48 05,
454,"Tuesday, June 26, 2001",01 02 07 22 44 34,
453,"Friday, June 22, 2001",05 21 37 43 50 34,
452,"Tuesday, June 19, 2001",01 12 30 38 42 23,
451,"Friday, June 15, 2001",01 06 23 30 39 20,
450,"Tuesday, June 12, 2001",08 09 10 18 49 21,
449,"Friday, June 08, 2001",01 22 30 34 46 02,
448,"Tuesday, June 05, 2001",23 27 36 49 50 01,
447,"Friday, June 01, 2001",05 18 36 44 49 35,
446,"Tuesday, May 29, 2001",05 22 23 24 35 30,
445,"Friday, May 25, 2001",12 13 17 20 22 33,
444,"Tuesday, May 22, 2001",08 10 13 31 43 28,
443,"Friday, May 18, 2001",07 19 30 38 41 05,
442,"Tuesday, May 15, 2001",07 14 19 24 43 30,
441,"Friday, May 11, 2001",11 12 19 21 26 19,
440,"Tuesday, May 08, 2001",19 21 29 31 50 25,
439,"Friday, May 04, 2001",11 24 27 35 47 22,
438,"Tuesday, May 01, 2001",04 13 15 16 25 19,
437,"Friday, April 27, 2001",03 06 30 38 44 12,
436,"Tuesday, April 24, 2001",01 04 27 29 31 05,
435,"Friday, April 20, 2001",02 05 11 32 36 24,
434,"Tuesday, April 17, 2001",04 12 14 24 44 21,
433,"Friday, April 13, 2001",16 27 36 39 47 12,
432,"Tuesday, April 10, 2001",17 22 27 32 42 33,
431,"Friday, April 06, 2001",04 09 10 16 45 30,
430,"Tuesday, April 03, 2001",04 05 25 39 45 14,
429,"Friday, March 30, 2001",04 31 38 45 48 09,
428,"Tuesday, March 27, 2001",20 23 25 27 42 06,
427,"Friday, March 23, 2001",06 10 26 39 40 28,
426,"Tuesday, March 20, 2001",11 30 39 41 43 34,
425,"Friday, March 16, 2001",14 22 38 42 43 10,
424,"Tuesday, March 13, 2001",11 17 38 41 42 24,
423,"Friday, March 09, 2001",02 10 12 15 27 17,
422,"Tuesday, March 06, 2001",02 24 26 31 41 34,
421,"Friday, March 02, 2001",13 23 24 25 42 22,
420,"Tuesday, February 27, 2001",01 05 14 27 37 03,
419,"Friday, February 23, 2001",03 18 21 36 50 06,
418,"Tuesday, February 20, 2001",09 32 37 42 46 13,
417,"Friday, February 16, 2001",09 10 24 30 31 35,
416,"Tuesday, February 13, 2001",30 31 35 46 47 23,
415,"Friday, February 09, 2001",01 12 14 16 22 26,
414,"Tuesday, February 06, 2001",05 17 32 34 48 05,
413,"Friday, February 02, 2001",06 23 25 30 31 05,
412,"Tuesday, January 30, 2001",05 17 22 39 40 30,
411,"Friday, January 26, 2001",01 08 20 37 45 17,
410,"Tuesday, January 23, 2001",06 07 12 23 43 27,
409,"Friday, January 19, 2001",04 06 16 31 36 19,
408,"Tuesday, January 16, 2001",07 08 13 35 50 28,
407,"Friday, January 12, 2001",06 15 23 26 50 06,
406,"Tuesday, January 09, 2001",04 24 35 44 48 32,
405,"Friday, January 05, 2001",01 03 09 40 42 32,
404,"Tuesday, January 02, 2001",07 08 11 12 13 12,
403,"Friday, December 29, 2000",09 15 21 22 29 24,
402,"Tuesday, December 26, 2000",04 29 32 35 44 19,
401,"Friday, December 22, 2000",14 35 40 43 50 12,
400,"Tuesday, December 19, 2000",12 34 36 39 40 16,
399,"Friday, December 15, 2000",25 30 39 40 50 08,
398,"Tuesday, December 12, 2000",01 14 28 38 47 24,
397,"Friday, December 08, 2000",23 27 29 43 45 30,
396,"Tuesday, December 05, 2000",04 08 30 46 48 01,
395,"Friday, December 01, 2000",15 25 28 38 47 05,
394,"Tuesday, November 28, 2000",15 18 30 48 49 08,
393,"Friday, November 24, 2000",20 21 32 39 46 02,
392,"Tuesday, November 21, 2000",15 25 28 40 46 17,
391,"Friday, November 17, 2000",05 08 20 38 46 03,
390,"Tuesday, November 14, 2000",12 14 25 31 37 22,
389,"Friday, November 10, 2000",26 32 39 40 46 18,
388,"Tuesday, November 07, 2000",22 29 35 38 47 27,
387,"Friday, November 03, 2000",05 15 22 23 43 23,
386,"Tuesday, October 31, 2000",07 16 22 34 36 34,
385,"Friday, October 27, 2000",21 29 33 39 44 24,
384,"Tuesday, October 24, 2000",08 09 14 24 41 23,
383,"Friday, October 20, 2000",30 36 37 42 46 04,
382,"Tuesday, October 17, 2000",09 16 41 43 48 02,
381,"Friday, October 13, 2000",02 13 20 39 43 31,
380,"Tuesday, October 10, 2000",05 23 29 30 39 08,
379,"Friday, October 06, 2000",12 17 36 38 44 16,
378,"Tuesday, October 03, 2000",16 25 32 33 40 04,
377,"Friday, September 29, 2000",08 10 30 32 40 18,
376,"Tuesday, September 26, 2000",02 13 31 41 44 03,
375,"Friday, September 22, 2000",06 11 26 28 36 06,
374,"Tuesday, September 19, 2000",08 10 28 34 35 17,
373,"Friday, September 15, 2000",02 06 10 26 39 03,
372,"Tuesday, September 12, 2000",04 11 18 27 38 23,
371,"Friday, September 08, 2000",10 12 20 33 40 30,
370,"Tuesday, September 05, 2000",31 39 43 45 48 28,
369,"Friday, September 01, 2000",04 09 26 30 31 04,
368,"Tuesday, August 29, 2000",04 17 31 37 47 09,
367,"Friday, August 25, 2000",34 35 37 47 48 12,
366,"Tuesday, August 22, 2000",06 16 18 34 41 02,
365,"Friday, August 18, 2000",05 23 38 45 50 26,
364,"Tuesday, August 15, 2000",15 16 22 28 39 33,
363,"Friday, August 11, 2000",02 14 19 24 28 07,
362,"Tuesday, August 08, 2000",23 32 38 48 50 20,
361,"Friday, August 04, 2000",05 09 14 31 47 22,
360,"Tuesday, August 01, 2000",10 13 16 25 26 21,
359,"Friday, July 28, 2000",02 07 16 21 45 03,
358,"Tuesday, July 25, 2000",16 18 33 43 46 34,
357,"Friday, July 21, 2000",11 13 15 31 41 16,
356,"Tuesday, July 18, 2000",03 04 25 43 48 17,
355,"Friday, July 14, 2000",21 22 27 28 42 24,
354,"Tuesday, July 11, 2000",19 20 24 36 38 17,
353,"Friday, July 07, 2000",24 29 32 47 49 02,
352,"Tuesday, July 04, 2000",03 25 29 31 33 20,
351,"Friday, June 30, 2000",09 16 39 46 47 15,
350,"Tuesday, June 27, 2000",12 21 34 40 41 07,
349,"Friday, June 23, 2000",09 11 13 23 49 11,
348,"Tuesday, June 20, 2000",01 16 22 26 38 01,
347,"Friday, June 16, 2000",11 12 24 33 35 04,
346,"Tuesday, June 13, 2000",04 05 06 17 23 02,
345,"Friday, June 09, 2000",06 07 25 34 45 02,
344,"Tuesday, June 06, 2000",04 30 36 37 42 35,
343,"Friday, June 02, 2000",05 24 26 39 44 03,
342,"Tuesday, May 30, 2000",04 11 40 42 50 18,
341,"Friday, May 26, 2000",08 10 11 29 40 32,
340,"Tuesday, May 23, 2000",09 34 42 46 50 35,
339,"Friday, May 19, 2000",16 24 37 38 40 26,
338,"Tuesday, May 16, 2000",09 11 34 48 50 13,
337,"Friday, May 12, 2000",12 27 28 40 48 25,
336,"Tuesday, May 09, 2000",01 02 12 33 37 04,
335,"Friday, May 05, 2000",06 08 16 30 32 26,
334,"Tuesday, May 02, 2000",03 33 36 42 43 13,
333,"Friday, April 28, 2000",05 28 29 32 49 29,
332,"Tuesday, April 25, 2000",01 12 17 22 41 12,
331,"Friday, April 21, 2000",14 15 34 42 44 08,
330,"Tuesday, April 18, 2000",26 42 48 49 50 27,
329,"Friday, April 14, 2000",02 17 24 39 40 29,
328,"Tuesday, April 11, 2000",01 11 31 38 45 12,
327,"Friday, April 07, 2000",01 06 09 17 34 18,
326,"Tuesday, April 04, 2000",04 17 23 35 39 09,
325,"Friday, March 31, 2000",03 06 07 17 43 18,
324,"Tuesday, March 28, 2000",02 18 35 38 43 20,
323,"Friday, March 24, 2000",14 31 42 46 50 28,
322,"Tuesday, March 21, 2000",05 21 33 42 46 01,
321,"Friday, March 17, 2000",17 29 37 41 50 14,
320,"Tuesday, March 14, 2000",01 08 09 22 47 27,
319,"Friday, March 10, 2000",01 02 26 39 43 07,
318,"Tuesday, March 07, 2000",04 16 30 44 49 29,
317,"Friday, March 03, 2000",02 05 14 38 47 04,
316,"Tuesday, February 29, 2000",02 05 22 36 40 19,
315,"Friday, February 25, 2000",02 14 45 48 49 10,
314,"Tuesday, February 22, 2000",33 35 36 40 43 11,
313,"Friday, February 18, 2000",01 08 15 21 37 25,
312,"Tuesday, February 15, 2000",02 06 07 13 26 25,
311,"Friday, February 11, 2000",05 27 36 37 42 20,
310,"Tuesday, February 08, 2000",20 24 29 42 44 33,
309,"Friday, February 04, 2000",26 28 37 39 44 15,
308,"Tuesday, February 01, 2000",14 15 31 47 49 32,
307,"Friday, January 28, 2000",04 42 43 45 48 34,
306,"Tuesday, January 25, 2000",06 10 19 24 38 20,
305,"Friday, January 21, 2000",04 08 12 37 45 21,
304,"Tuesday, January 18, 2000",13 15 29 34 41 23,
303,"Friday, January 14, 2000",01 09 28 41 45 22,
302,"Tuesday, January 11, 2000",16 18 28 37 39 07,
301,"Friday, January 07, 2000",01 09 23 39 41 15,
300,"Tuesday, January 04, 2000",11 14 27 39 42 33,
299,"Friday, December 31, 1999",04 17 32 38 46 26,
298,"Tuesday, December 28, 1999",09 11 21 40 50 11,
297,"Friday, December 24, 1999",32 38 40 44 50 27,
296,"Tuesday, December 21, 1999",02 03 29 46 47 31,
295,"Friday, December 17, 1999",08 15 28 30 44 24,
294,"Tuesday, December 14, 1999",06 21 27 38 43 21,
293,"Friday, December 10, 1999",18 24 25 26 32 13,
292,"Tuesday, December 07, 1999",22 26 27 38 44 27,
291,"Friday, December 03, 1999",12 15 19 24 49 08,
290,"Tuesday, November 30, 1999",01 04 05 22 47 23,
289,"Friday, November 26, 1999",17 21 22 33 38 34,
288,"Tuesday, November 23, 1999",01 05 09 13 19 03,
287,"Friday, November 19, 1999",01 18 28 36 42 19,
286,"Tuesday, November 16, 1999",10 27 29 37 46 31,
285,"Friday, November 12, 1999",20 26 27 40 45 22,
284,"Tuesday, November 09, 1999",12 13 26 40 42 27,
283,"Friday, November 05, 1999",15 23 28 33 47 09,
282,"Tuesday, November 02, 1999",06 10 30 31 35 14,
281,"Friday, October 29, 1999",17 20 23 29 33 20,
280,"Tuesday, October 26, 1999",24 32 37 47 48 19,
279,"Friday, October 22, 1999",03 05 33 36 40 29,
278,"Tuesday, October 19, 1999",03 30 32 35 37 05,
277,"Friday, October 15, 1999",15 19 29 40 41 07,
276,"Tuesday, October 12, 1999",11 23 27 38 45 32,
275,"Friday, October 08, 1999",15 17 36 37 45 15,
274,"Tuesday, October 05, 1999",15 20 32 33 47 25,
273,"Friday, October 01, 1999",09 13 15 38 41 03,
272,"Tuesday, September 28, 1999",08 22 34 40 48 04,
271,"Friday, September 24, 1999",22 25 29 45 47 17,
270,"Tuesday, September 21, 1999",07 16 18 35 47 23,
269,"Friday, September 17, 1999",25 29 30 42 47 32,
268,"Tuesday, September 14, 1999",01 02 06 15 49 04,
267,"Friday, September 10, 1999",16 20 31 32 48 06,
266,"Tuesday, September 07, 1999",04 05 06 39 46 20,
265,"Friday, September 03, 1999",24 29 37 47 48 02,
264,"Tuesday, August 31, 1999",03 21 26 27 40 15,
263,"Friday, August 27, 1999",05 23 25 47 49 24,
262,"Tuesday, August 24, 1999",09 13 21 23 41 17,
261,"Friday, August 20, 1999",05 15 27 44 47 07,
260,"Tuesday, August 17, 1999",11 12 28 29 45 35,
259,"Friday, August 13, 1999",02 19 30 45 46 31,
258,"Tuesday, August 10, 1999",13 27 32 43 50 02,
257,"Friday, August 06, 1999",16 18 20 21 50 20,
256,"Tuesday, August 03, 1999",04 40 42 43 48 08,
255,"Friday, July 30, 1999",08 13 20 44 47 21,
254,"Tuesday, July 27, 1999",02 05 25 34 40 17,
253,"Friday, July 23, 1999",06 10 24 26 37 06,
252,"Tuesday, July 20, 1999",09 25 27 31 32 24,
251,"Friday, July 16, 1999",02 06 07 17 18 01,
250,"Tuesday, July 13, 1999",01 22 33 40 43 02,
249,"Friday, July 09, 1999",16 20 22 34 36 29,
248,"Tuesday, July 06, 1999",07 20 23 26 33 15,
247,"Friday, July 02, 1999",06 26 39 40 47 08,
246,"Tuesday, June 29, 1999",04 11 17 31 44 32,
245,"Friday, June 25, 1999",02 28 34 36 48 35,
244,"Tuesday, June 22, 1999",04 21 40 44 48 31,
243,"Friday, June 18, 1999",01 13 34 37 50 05,
242,"Tuesday, June 15, 1999",01 06 19 27 42 25,
241,"Friday, June 11, 1999",05 07 13 17 43 12,
240,"Tuesday, June 08, 1999",18 31 45 48 49 15,
239,"Friday, June 04, 1999",02 05 24 33 39 12,
238,"Tuesday, June 01, 1999",01 03 13 37 42 23,
237,"Friday, May 28, 1999",05 06 09 27 50 25,
236,"Tuesday, May 25, 1999",12 35 36 38 39 30,
235,"Friday, May 21, 1999",01 15 26 37 41 13,
234,"Tuesday, May 18, 1999",05 11 14 27 41 18,
233,"Friday, May 14, 1999",01 06 25 37 42 27,
232,"Tuesday, May 11, 1999",11 22 29 35 41 30,
231,"Friday, May 07, 1999",12 21 30 35 49 15,
230,"Tuesday, May 04, 1999",05 20 32 42 46 26,
229,"Friday, April 30, 1999",01 23 25 29 39 05,
228,"Tuesday, April 27, 1999",01 08 10 38 42 36,
227,"Friday, April 23, 1999",03 12 27 38 39 17,
226,"Tuesday, April 20, 1999",11 12 17 18 41 06,
225,"Friday, April 16, 1999",01 07 10 16 36 36,
224,"Tuesday, April 13, 1999",13 19 21 39 40 08,
223,"Friday, April 09, 1999",14 27 41 44 47 10,
222,"Tuesday, April 06, 1999",12 17 22 33 44 25,
221,"Friday, April 02, 1999",08 25 26 28 35 25,
220,"Tuesday, March 30, 1999",04 05 27 33 41 09,
219,"Friday, March 26, 1999",14 15 20 47 50 35,
218,"Tuesday, March 23, 1999",16 18 29 44 47 32,
217,"Friday, March 19, 1999",17 23 37 46 49 28,
216,"Tuesday, March 16, 1999",06 11 19 33 40 19,
215,"Friday, March 12, 1999",22 32 37 38 41 03,
214,"Tuesday, March 09, 1999",03 04 10 22 48 21,
213,"Friday, March 05, 1999",03 20 26 29 36 16,
212,"Tuesday, March 02, 1999",03 31 35 42 46 34,
211,"Friday, February 26, 1999",06 26 31 44 46 01,
210,"Tuesday, February 23, 1999",03 13 27 30 44 27,
209,"Friday, February 19, 1999",01 07 16 36 40 10,
208,"Tuesday, February 16, 1999",03 10 13 36 49 14,
207,"Friday, February 12, 1999",08 11 16 27 34 08,
206,"Tuesday, February 09, 1999",03 06 14 21 24 09,
205,"Friday, February 05, 1999",02 08 14 21 27 33,
204,"Tuesday, February 02, 1999",06 14 23 31 33 13,
203,"Friday, January 29, 1999",04 09 12 32 47 27,
202,"Tuesday, January 26, 1999",05 08 10 44 50 33,
201,"Friday, January 22, 1999",07 16 20 23 36 22,
200,"Tuesday, January 19, 1999",21 25 26 35 49 12,
199,"Friday, January 15, 1999",17 18 28 42 48 08,
198,"Tuesday, January 12, 1999",05 07 09 20 46 02,
197,"Friday, January 08, 1999",05 21 23 26 37 03,
196,"Tuesday, January 05, 1999",04 31 32 34 43 19,
195,"Friday, January 01, 1999",11 19 28 43 48 05,
194,"Tuesday, December 29, 1998",03 05 07 28 35 10,
193,"Friday, December 25, 1998",06 08 17 21 31 10,
192,"Tuesday, December 22, 1998",17 21 33 42 44 09,
191,"Friday, December 18, 1998",10 21 25 34 48 24,
190,"Tuesday, December 15, 1998",07 18 36 38 41 24,
189,"Friday, December 11, 1998",11 13 42 44 50 24,
188,"Tuesday, December 08, 1998",01 11 25 28 35 01,
187,"Friday, December 04, 1998",07 16 28 30 43 04,
186,"Tuesday, December 01, 1998",16 21 30 32 44 15,
185,"Friday, November 27, 1998",04 08 20 41 44 06,
184,"Tuesday, November 24, 1998",14 15 17 33 43 17,
183,"Friday, November 20, 1998",20 40 48 49 50 17,
182,"Tuesday, November 17, 1998",28 36 38 43 50 10,
181,"Friday, November 13, 1998",05 07 18 26 45 15,
180,"Tuesday, November 10, 1998",03 10 17 23 35 23,
179,"Friday, November 06, 1998",07 21 29 46 48 16,
178,"Tuesday, November 03, 1998",01 09 32 35 50 01,
177,"Friday, October 30, 1998",12 16 22 38 46 20,
176,"Tuesday, October 27, 1998",12 13 17 25 43 22,
175,"Friday, October 23, 1998",13 20 27 28 33 20,
174,"Tuesday, October 20, 1998",06 09 10 22 28 19,
173,"Friday, October 16, 1998",06 07 14 18 33 08,
172,"Tuesday, October 13, 1998",12 24 30 43 44 01,
171,"Friday, October 09, 1998",01 23 30 47 50 02,
170,"Tuesday, October 06, 1998",01 03 13 15 22 18,
169,"Friday, October 02, 1998",02 06 08 26 39 08,
168,"Tuesday, September 29, 1998",01 08 18 27 38 24,
167,"Friday, September 25, 1998",20 23 36 46 50 09,
166,"Tuesday, September 22, 1998",01 37 43 44 45 24,
165,"Friday, September 18, 1998",15 22 23 40 50 12,
164,"Tuesday, September 15, 1998",11 26 30 37 38 20,
163,"Friday, September 11, 1998",21 31 34 35 43 04,
162,"Tuesday, September 08, 1998",01 14 24 25 26 24,
161,"Friday, September 04, 1998",11 19 25 34 47 10,
160,"Tuesday, September 01, 1998",09 23 24 37 44 24,
159,"Friday, August 28, 1998",01 21 28 43 45 17,
158,"Tuesday, August 25, 1998",02 27 33 37 44 21,
157,"Friday, August 21, 1998",06 16 19 28 48 11,
156,"Tuesday, August 18, 1998",09 10 11 12 48 18,
155,"Friday, August 14, 1998",06 10 14 17 22 17,
154,"Tuesday, August 11, 1998",07 31 35 44 48 18,
153,"Friday, August 07, 1998",07 11 32 44 46 19,
152,"Tuesday, August 04, 1998",03 04 06 26 40 10,
151,"Friday, July 31, 1998",03 10 23 33 46 08,
150,"Tuesday, July 28, 1998",05 10 14 18 49 25,
149,"Friday, July 24, 1998",07 15 18 31 35 19,
148,"Tuesday, July 21, 1998",03 07 08 11 20 25,
147,"Friday, July 17, 1998",13 24 35 39 44 24,
146,"Tuesday, July 14, 1998",05 07 15 33 48 13,
145,"Friday, July 10, 1998",19 24 28 29 38 06,
144,"Tuesday, July 07, 1998",05 09 27 39 48 25,
143,"Friday, July 03, 1998",05 36 38 39 46 01,
142,"Tuesday, June 30, 1998",05 21 41 43 48 10,
141,"Friday, June 26, 1998",20 25 30 41 47 05,
140,"Tuesday, June 23, 1998",02 07 13 17 33 22,
139,"Friday, June 19, 1998",01 11 13 14 23 22,
138,"Tuesday, June 16, 1998",11 17 20 23 25 15,
137,"Friday, June 12, 1998",02 23 24 29 48 09,
136,"Tuesday, June 09, 1998",04 09 13 24 27 24,
135,"Friday, June 05, 1998",05 18 20 30 36 10,
134,"Tuesday, June 02, 1998",09 19 28 30 31 19,
133,"Friday, May 29, 1998",03 35 36 43 47 10,
132,"Tuesday, May 26, 1998",01 13 29 35 50 24,
131,"Friday, May 22, 1998",18 25 32 46 47 12,
130,"Tuesday, May 19, 1998",12 21 31 47 50 02,
129,"Friday, May 15, 1998",03 37 41 42 48 09,
128,"Tuesday, August 11, 1998",07 31 35 44 48 18,
127,"Friday, August 07, 1998",07 11 32 44 46 19,
126,"Tuesday, August 04, 1998",03 04 06 26 40 10,
125,"Friday, July 31, 1998",03 10 23 33 46 08,
124,"Tuesday, July 28, 1998",05 10 14 18 49 25,
123,"Friday, July 24, 1998",07 15 18 31 35 19,
122,"Tuesday, July 21, 1998",03 07 08 11 20 25,
121,"Friday, July 17, 1998",13 24 35 39 44 24,
120,"Tuesday, July 14, 1998",05 07 15 33 48 13,
119,"Friday, July 10, 1998",19 24 28 29 38 06,
118,"Tuesday, July 07, 1998",05 09 27 39 48 25,
117,"Friday, July 03, 1998",05 36 38 39 46 01,
116,"Tuesday, June 30, 1998",05 21 41 43 48 10,
115,"Friday, June 26, 1998",20 25 30 41 47 05,
114,"Tuesday, June 23, 1998",02 07 13 17 33 22,
113,"Friday, June 19, 1998",01 11 13 14 23 22,
112,"Tuesday, June 16, 1998",11 17 20 23 25 15,
111,"Friday, June 12, 1998",02 23 24 29 48 09,
110,"Tuesday, June 09, 1998",04 09 13 24 27 24,
109,"Friday, June 05, 1998",05 18 20 30 36 10,
108,"Tuesday, June 02, 1998",09 19 28 30 31 19,
107,"Friday, May 29, 1998",03 35 36 43 47 10,
106,"Tuesday, May 26, 1998",01 13 29 35 50 24,
105,"Friday, May 22, 1998",18 25 32 46 47 12,
104,"Tuesday, May 19, 1998",12 21 31 47 50 02,
103,"Friday, May 15, 1998",03 37 41 42 48 09,
102,"Tuesday, May 12, 1998",14 20 28 37 39 14,
101,"Friday, May 08, 1998",25 33 35 40 45 17,
100,"Tuesday, May 05, 1998",08 20 22 35 50 17,
99,"Friday, May 01, 1998",02 17 29 35 46 16,
98,"Tuesday, April 28, 1998",10 13 14 29 45 06,
97,"Friday, April 24, 1998",15 17 20 25 29 21,
96,"Tuesday, April 21, 1998",08 18 19 36 44 01,
95,"Friday, April 17, 1998",06 18 20 32 50 12,
94,"Tuesday, April 14, 1998",06 07 10 26 32 18,
93,"Friday, April 10, 1998",09 11 33 35 40 16,
92,"Tuesday, April 07, 1998",27 32 46 47 49 07,
91,"Friday, April 03, 1998",08 29 38 47 50 03,
90,"Tuesday, March 31, 1998",16 22 35 39 44 09,
89,"Friday, March 27, 1998",13 15 29 36 47 24,
88,"Tuesday, March 24, 1998",15 16 27 36 45 01,
87,"Friday, March 20, 1998",15 18 19 37 39 06,
86,"Tuesday, March 17, 1998",13 23 24 39 42 10,
85,"Friday, March 13, 1998",01 03 08 31 47 03,
84,"Tuesday, March 10, 1998",07 19 24 28 32 21,
83,"Friday, March 06, 1998",02 34 37 41 42 16,
82,"Tuesday, March 03, 1998",21 31 33 37 42 03,
81,"Friday, February 27, 1998",24 26 28 29 42 22,
80,"Tuesday, February 24, 1998",02 11 40 42 48 14,
79,"Friday, February 20, 1998",09 11 12 17 19 13,
78,"Tuesday, February 17, 1998",02 25 26 35 40 25,
77,"Friday, February 13, 1998",03 17 22 23 36 01,
76,"Tuesday, February 10, 1998",02 12 14 27 47 17,
75,"Friday, February 06, 1998",04 09 15 23 29 01,
74,"Friday, January 30, 1998",03 04 29 35 45 07,
73,"Friday, January 23, 1998",04 17 26 32 41 17,
72,"Friday, January 16, 1998",04 05 13 24 33 11,
71,"Friday, January 09, 1998",01 06 23 31 48 20,
70,"Friday, January 02, 1998",07 21 31 32 45 14,
69,"Friday, December 26, 1997",01 18 40 41 49 08,
68,"Friday, December 19, 1997",10 15 16 17 50 25,
67,"Friday, December 12, 1997",03 06 08 20 30 25,
66,"Friday, December 05, 1997",10 23 25 40 42 07,
65,"Friday, November 28, 1997",04 20 27 29 39 11,
64,"Friday, November 21, 1997",02 05 16 18 42 11,
63,"Friday, November 14, 1997",12 16 22 24 45 18,
62,"Friday, November 07, 1997",13 24 26 32 44 16,
61,"Friday, October 31, 1997",02 07 18 25 36 17,
60,"Friday, October 24, 1997",02 25 31 32 45 16,
59,"Friday, October 17, 1997",22 34 35 37 45 03,
58,"Friday, October 10, 1997",12 21 31 43 45 14,
57,"Friday, October 03, 1997",05 11 14 23 47 07,
56,"Friday, September 26, 1997",05 14 34 49 50 16,
55,"Friday, September 19, 1997",26 31 32 43 46 01,
54,"Friday, September 12, 1997",05 19 28 29 40 04,
53,"Friday, September 05, 1997",14 15 25 26 42 03,
52,"Friday, August 29, 1997",09 18 24 37 42 25,
51,"Friday, August 22, 1997",06 08 11 24 30 04,
50,"Friday, August 15, 1997",17 21 27 42 47 21,
49,"Friday, August 08, 1997",03 05 34 35 36 03,
48,"Friday, August 01, 1997",17 34 38 39 44 13,
47,"Friday, July 25, 1997",04 07 33 42 44 25,
46,"Friday, July 18, 1997",06 34 35 40 50 25,
45,"Friday, July 11, 1997",17 36 44 46 48 18,
44,"Friday, July 04, 1997",08 12 21 32 50 17,
43,"Friday, June 27, 1997",01 03 37 42 46 21,
42,"Friday, June 20, 1997",03 04 10 42 46 15,
41,"Friday, June 13, 1997",05 06 22 38 43 03,
40,"Friday, June 06, 1997",02 08 20 22 32 08,
39,"Friday, May 30, 1997",01 23 25 39 43 19,
38,"Friday, May 23, 1997",02 03 05 40 49 19,
37,"Friday, May 16, 1997",02 04 13 17 29 11,
36,"Friday, May 09, 1997",12 13 16 29 36 11,
35,"Friday, May 02, 1997",04 13 20 24 36 14,
34,"Friday, April 25, 1997",12 31 32 34 37 09,
33,"Friday, April 18, 1997",01 11 22 45 47 08,
32,"Friday, April 11, 1997",04 10 13 22 49 20,
31,"Friday, April 04, 1997",08 21 22 35 48 12,
30,"Friday, March 28, 1997",01 43 47 48 50 17,
29,"Friday, March 21, 1997",05 10 19 38 41 21,
28,"Friday, March 14, 1997",04 06 11 25 43 10,
27,"Friday, March 07, 1997",11 19 36 38 46 02,
26,"Friday, February 28, 1997",18 19 24 29 42 05,
25,"Friday, February 21, 1997",03 08 19 28 47 15,
24,"Friday, February 14, 1997",07 13 15 22 26 21,
23,"Friday, February 07, 1997",04 10 27 30 38 15,
22,"Friday, January 31, 1997",08 11 13 20 37 12,
21,"Friday, January 24, 1997",12 17 27 30 39 07,
20,"Friday, January 17, 1997",04 11 33 35 43 21,
19,"Friday, January 10, 1997",04 25 30 33 47 06,
18,"Friday, January 03, 1997",05 08 23 45 48 17,
17,"Friday, December 27, 1996",10 30 33 35 36 01,
16,"Friday, December 20, 1996",06 18 20 25 33 16,
15,"Friday, December 13, 1996",07 15 36 43 44 08,
14,"Friday, December 06, 1996",15 20 32 42 47 03,
13,"Friday, November 29, 1996",01 14 27 46 50 22,
12,"Friday, November 22, 1996",06 08 14 32 35 19,
11,"Friday, November 15, 1996",02 04 05 33 47 22,
10,"Friday, November 08, 1996",11 23 25 35 46 17,
9,"Friday, November 01, 1996",02 10 28 39 49 17,
8,"Friday, October 25, 1996",23 28 30 35 43 09,
7,"Friday, October 18, 1996",09 18 24 26 46 18,
6,"Friday, October 11, 1996",02 23 37 40 50 22,
5,"Friday, October 04, 1996",08 16 18 36 38 01,
4,"Friday, September 27, 1996",08 25 35 37 48 08,
3,"Friday, September 20, 1996",05 24 31 34 48 06,
2,"Friday, September 13, 1996",03 04 09 30 47 01,
1,"Friday, September 06, 1996",05 11 29 47 50 17,